### MNNVL 实际生效值: NCCL_MNNVL_ENABLE=0 NCCL_CUMEM_ENABLE=0 USE_MNNVL=1
[+    0.341] /usr/local/lib/python3.12/dist-packages/torch/cuda/__init__.py:61: FutureWarning: The pynvml package is deprecated. Please install nvidia-ml-py instead. If you did not install pynvml directly, please report this to the maintainers of the package that installed pynvml for you.
[+    0.341]   import pynvml  # type: ignore[import]
[+    1.008] W0726 04:05:41.044000 19886 torch/distributed/run.py:862] 
[+    1.008] W0726 04:05:41.044000 19886 torch/distributed/run.py:862] *****************************************
[+    1.008] W0726 04:05:41.044000 19886 torch/distributed/run.py:862] Setting OMP_NUM_THREADS environment variable for each process to be 1 in default, to avoid your system being overloaded, please further tune the variable for optimal performance in your application as needed. 
[+    1.008] W0726 04:05:41.044000 19886 torch/distributed/run.py:862] *****************************************
[+    9.972] /usr/local/lib/python3.12/dist-packages/torch/cuda/__init__.py:61: FutureWarning: The pynvml package is deprecated. Please install nvidia-ml-py instead. If you did not install pynvml directly, please report this to the maintainers of the package that installed pynvml for you.
[+    9.972]   import pynvml  # type: ignore[import]
[+    9.972] /usr/local/lib/python3.12/dist-packages/torch/cuda/__init__.py:61: FutureWarning: The pynvml package is deprecated. Please install nvidia-ml-py instead. If you did not install pynvml directly, please report this to the maintainers of the package that installed pynvml for you.
[+    9.972]   import pynvml  # type: ignore[import]
[+    9.976] /usr/local/lib/python3.12/dist-packages/torch/cuda/__init__.py:61: FutureWarning: The pynvml package is deprecated. Please install nvidia-ml-py instead. If you did not install pynvml directly, please report this to the maintainers of the package that installed pynvml for you.
[+    9.976]   import pynvml  # type: ignore[import]
[+    9.976] /usr/local/lib/python3.12/dist-packages/torch/cuda/__init__.py:61: FutureWarning: The pynvml package is deprecated. Please install nvidia-ml-py instead. If you did not install pynvml directly, please report this to the maintainers of the package that installed pynvml for you.
[+    9.976]   import pynvml  # type: ignore[import]
[+   22.027] /opt/venv/lib/python3.12/site-packages/comet_ml/error_tracking/api.py:51: UserWarning: We won't be continuing development on SDK 3.0. Please use the last stable version of the SDK to get access to the newest features and fixes. See https://github.com/getsentry/sentry-python/discussions/4955
[+   22.027]   sentry_sdk.init(
[+   22.844] /opt/venv/lib/python3.12/site-packages/comet_ml/error_tracking/api.py:51: UserWarning: We won't be continuing development on SDK 3.0. Please use the last stable version of the SDK to get access to the newest features and fixes. See https://github.com/getsentry/sentry-python/discussions/4955
[+   22.844]   sentry_sdk.init(
[+   24.203] [WARNING] Field "span" in type "ir.TupleType" duplicates an ancestor field in "ir.Type". Child types should not re-register inherited fields.
[+   24.203] [WARNING] Field "span" in type "ir.FuncType" duplicates an ancestor field in "ir.Type". Child types should not re-register inherited fields.
[+   24.203] [WARNING] Field "span" in type "ir.TensorMapType" duplicates an ancestor field in "ir.Type". Child types should not re-register inherited fields.
[+   24.208] [WARNING] Field "binding_blocks" in type "script.ir_builder.relax.FunctionFrame" duplicates an ancestor field in "script.ir_builder.relax.SeqExprFrame". Child types should not re-register inherited fields.
[+   24.208] [WARNING] Field "output" in type "script.ir_builder.relax.FunctionFrame" duplicates an ancestor field in "script.ir_builder.relax.SeqExprFrame". Child types should not re-register inherited fields.
[+   24.241] /opt/venv/lib/python3.12/site-packages/tvm_ffi/registry.py:85: UserWarning: Field 'span' in 'ir.TupleType' duplicates an ancestor field. Child types should not re-register inherited fields.
[+   24.241]   info = core._register_object_by_index(type_index, cls)
[+   24.241] /opt/venv/lib/python3.12/site-packages/tvm_ffi/registry.py:85: UserWarning: Field 'span' in 'ir.FuncType' duplicates an ancestor field. Child types should not re-register inherited fields.
[+   24.241]   info = core._register_object_by_index(type_index, cls)
[+   24.242] /opt/venv/lib/python3.12/site-packages/tvm_ffi/registry.py:85: UserWarning: Field 'span' in 'ir.TensorMapType' duplicates an ancestor field. Child types should not re-register inherited fields.
[+   24.242]   info = core._register_object_by_index(type_index, cls)
[+   24.292] /opt/venv/lib/python3.12/site-packages/tvm_ffi/registry.py:85: UserWarning: Field 'name' in 'relax.TEPlaceholderOp' duplicates an ancestor field. Child types should not re-register inherited fields.
[+   24.292]   info = core._register_object_by_index(type_index, cls)
[+   24.292] /opt/venv/lib/python3.12/site-packages/tvm_ffi/registry.py:85: UserWarning: Field 'tag' in 'relax.TEPlaceholderOp' duplicates an ancestor field. Child types should not re-register inherited fields.
[+   24.292]   info = core._register_object_by_index(type_index, cls)
[+   24.292] /opt/venv/lib/python3.12/site-packages/tvm_ffi/registry.py:85: UserWarning: Field 'attrs' in 'relax.TEPlaceholderOp' duplicates an ancestor field. Child types should not re-register inherited fields.
[+   24.292]   info = core._register_object_by_index(type_index, cls)
[+   24.292] /opt/venv/lib/python3.12/site-packages/tvm_ffi/registry.py:85: UserWarning: Field 'shape' in 'relax.TEPlaceholderOp' duplicates an ancestor field. Child types should not re-register inherited fields.
[+   24.292]   info = core._register_object_by_index(type_index, cls)
[+   24.292] /opt/venv/lib/python3.12/site-packages/tvm_ffi/registry.py:85: UserWarning: Field 'dtype' in 'relax.TEPlaceholderOp' duplicates an ancestor field. Child types should not re-register inherited fields.
[+   24.292]   info = core._register_object_by_index(type_index, cls)
[+   24.588] [WARNING] Field "span" in type "ir.TupleType" duplicates an ancestor field in "ir.Type". Child types should not re-register inherited fields.
[+   24.588] [WARNING] Field "span" in type "ir.FuncType" duplicates an ancestor field in "ir.Type". Child types should not re-register inherited fields.
[+   24.588] [WARNING] Field "span" in type "ir.TensorMapType" duplicates an ancestor field in "ir.Type". Child types should not re-register inherited fields.
[+   24.592] [WARNING] Field "binding_blocks" in type "script.ir_builder.relax.FunctionFrame" duplicates an ancestor field in "script.ir_builder.relax.SeqExprFrame". Child types should not re-register inherited fields.
[+   24.592] [WARNING] Field "output" in type "script.ir_builder.relax.FunctionFrame" duplicates an ancestor field in "script.ir_builder.relax.SeqExprFrame". Child types should not re-register inherited fields.
[+   24.625] /opt/venv/lib/python3.12/site-packages/tvm_ffi/registry.py:85: UserWarning: Field 'span' in 'ir.TupleType' duplicates an ancestor field. Child types should not re-register inherited fields.
[+   24.625]   info = core._register_object_by_index(type_index, cls)
[+   24.625] /opt/venv/lib/python3.12/site-packages/tvm_ffi/registry.py:85: UserWarning: Field 'span' in 'ir.FuncType' duplicates an ancestor field. Child types should not re-register inherited fields.
[+   24.625]   info = core._register_object_by_index(type_index, cls)
[+   24.625] /opt/venv/lib/python3.12/site-packages/tvm_ffi/registry.py:85: UserWarning: Field 'span' in 'ir.TensorMapType' duplicates an ancestor field. Child types should not re-register inherited fields.
[+   24.625]   info = core._register_object_by_index(type_index, cls)
[+   24.676] /opt/venv/lib/python3.12/site-packages/tvm_ffi/registry.py:85: UserWarning: Field 'name' in 'relax.TEPlaceholderOp' duplicates an ancestor field. Child types should not re-register inherited fields.
[+   24.676]   info = core._register_object_by_index(type_index, cls)
[+   24.676] /opt/venv/lib/python3.12/site-packages/tvm_ffi/registry.py:85: UserWarning: Field 'tag' in 'relax.TEPlaceholderOp' duplicates an ancestor field. Child types should not re-register inherited fields.
[+   24.676]   info = core._register_object_by_index(type_index, cls)
[+   24.676] /opt/venv/lib/python3.12/site-packages/tvm_ffi/registry.py:85: UserWarning: Field 'attrs' in 'relax.TEPlaceholderOp' duplicates an ancestor field. Child types should not re-register inherited fields.
[+   24.676]   info = core._register_object_by_index(type_index, cls)
[+   24.676] /opt/venv/lib/python3.12/site-packages/tvm_ffi/registry.py:85: UserWarning: Field 'shape' in 'relax.TEPlaceholderOp' duplicates an ancestor field. Child types should not re-register inherited fields.
[+   24.676]   info = core._register_object_by_index(type_index, cls)
[+   24.676] /opt/venv/lib/python3.12/site-packages/tvm_ffi/registry.py:85: UserWarning: Field 'dtype' in 'relax.TEPlaceholderOp' duplicates an ancestor field. Child types should not re-register inherited fields.
[+   24.676]   info = core._register_object_by_index(type_index, cls)
[+   24.773] [WARNING] Field "policy_type" in type "tl.GemmSPWarpPolicy" duplicates an ancestor field in "tl.GemmWarpPolicy". Child types should not re-register inherited fields.
[+   24.773] [WARNING] Field "m_warp" in type "tl.GemmSPWarpPolicy" duplicates an ancestor field in "tl.GemmWarpPolicy". Child types should not re-register inherited fields.
[+   24.773] [WARNING] Field "n_warp" in type "tl.GemmSPWarpPolicy" duplicates an ancestor field in "tl.GemmWarpPolicy". Child types should not re-register inherited fields.
[+   24.819] [WARNING] Field "policy_type" in type "tl.GemmSPWarpPolicy" duplicates an ancestor field in "tl.GemmWarpPolicy". Child types should not re-register inherited fields.
[+   24.819] [WARNING] Field "m_warp" in type "tl.GemmSPWarpPolicy" duplicates an ancestor field in "tl.GemmWarpPolicy". Child types should not re-register inherited fields.
[+   24.819] [WARNING] Field "n_warp" in type "tl.GemmSPWarpPolicy" duplicates an ancestor field in "tl.GemmWarpPolicy". Child types should not re-register inherited fields.
[+   24.905] /opt/venv/lib/python3.12/site-packages/tvm_ffi/registry.py:85: UserWarning: Field 'policy_type' in 'tl.GemmSPWarpPolicy' duplicates an ancestor field. Child types should not re-register inherited fields.
[+   24.905]   info = core._register_object_by_index(type_index, cls)
[+   24.905] /opt/venv/lib/python3.12/site-packages/tvm_ffi/registry.py:85: UserWarning: Field 'm_warp' in 'tl.GemmSPWarpPolicy' duplicates an ancestor field. Child types should not re-register inherited fields.
[+   24.905]   info = core._register_object_by_index(type_index, cls)
[+   24.905] /opt/venv/lib/python3.12/site-packages/tvm_ffi/registry.py:85: UserWarning: Field 'n_warp' in 'tl.GemmSPWarpPolicy' duplicates an ancestor field. Child types should not re-register inherited fields.
[+   24.905]   info = core._register_object_by_index(type_index, cls)
[+   24.945] /opt/venv/lib/python3.12/site-packages/tvm_ffi/registry.py:85: UserWarning: Field 'policy_type' in 'tl.GemmSPWarpPolicy' duplicates an ancestor field. Child types should not re-register inherited fields.
[+   24.945]   info = core._register_object_by_index(type_index, cls)
[+   24.945] /opt/venv/lib/python3.12/site-packages/tvm_ffi/registry.py:85: UserWarning: Field 'm_warp' in 'tl.GemmSPWarpPolicy' duplicates an ancestor field. Child types should not re-register inherited fields.
[+   24.945]   info = core._register_object_by_index(type_index, cls)
[+   24.945] /opt/venv/lib/python3.12/site-packages/tvm_ffi/registry.py:85: UserWarning: Field 'n_warp' in 'tl.GemmSPWarpPolicy' duplicates an ancestor field. Child types should not re-register inherited fields.
[+   24.945]   info = core._register_object_by_index(type_index, cls)
[+   25.246] [WARNING] Field "span" in type "ir.TupleType" duplicates an ancestor field in "ir.Type". Child types should not re-register inherited fields.
[+   25.246] [WARNING] Field "span" in type "ir.FuncType" duplicates an ancestor field in "ir.Type". Child types should not re-register inherited fields.
[+   25.246] [WARNING] Field "span" in type "ir.TensorMapType" duplicates an ancestor field in "ir.Type". Child types should not re-register inherited fields.
[+   25.251] [WARNING] Field "binding_blocks" in type "script.ir_builder.relax.FunctionFrame" duplicates an ancestor field in "script.ir_builder.relax.SeqExprFrame". Child types should not re-register inherited fields.
[+   25.251] [WARNING] Field "output" in type "script.ir_builder.relax.FunctionFrame" duplicates an ancestor field in "script.ir_builder.relax.SeqExprFrame". Child types should not re-register inherited fields.
[+   25.284] /opt/venv/lib/python3.12/site-packages/tvm_ffi/registry.py:85: UserWarning: Field 'span' in 'ir.TupleType' duplicates an ancestor field. Child types should not re-register inherited fields.
[+   25.284]   info = core._register_object_by_index(type_index, cls)
[+   25.284] /opt/venv/lib/python3.12/site-packages/tvm_ffi/registry.py:85: UserWarning: Field 'span' in 'ir.FuncType' duplicates an ancestor field. Child types should not re-register inherited fields.
[+   25.284]   info = core._register_object_by_index(type_index, cls)
[+   25.284] /opt/venv/lib/python3.12/site-packages/tvm_ffi/registry.py:85: UserWarning: Field 'span' in 'ir.TensorMapType' duplicates an ancestor field. Child types should not re-register inherited fields.
[+   25.284]   info = core._register_object_by_index(type_index, cls)
[+   25.335] /opt/venv/lib/python3.12/site-packages/tvm_ffi/registry.py:85: UserWarning: Field 'name' in 'relax.TEPlaceholderOp' duplicates an ancestor field. Child types should not re-register inherited fields.
[+   25.335]   info = core._register_object_by_index(type_index, cls)
[+   25.335] /opt/venv/lib/python3.12/site-packages/tvm_ffi/registry.py:85: UserWarning: Field 'tag' in 'relax.TEPlaceholderOp' duplicates an ancestor field. Child types should not re-register inherited fields.
[+   25.335]   info = core._register_object_by_index(type_index, cls)
[+   25.335] /opt/venv/lib/python3.12/site-packages/tvm_ffi/registry.py:85: UserWarning: Field 'attrs' in 'relax.TEPlaceholderOp' duplicates an ancestor field. Child types should not re-register inherited fields.
[+   25.335]   info = core._register_object_by_index(type_index, cls)
[+   25.335] /opt/venv/lib/python3.12/site-packages/tvm_ffi/registry.py:85: UserWarning: Field 'shape' in 'relax.TEPlaceholderOp' duplicates an ancestor field. Child types should not re-register inherited fields.
[+   25.335]   info = core._register_object_by_index(type_index, cls)
[+   25.335] /opt/venv/lib/python3.12/site-packages/tvm_ffi/registry.py:85: UserWarning: Field 'dtype' in 'relax.TEPlaceholderOp' duplicates an ancestor field. Child types should not re-register inherited fields.
[+   25.335]   info = core._register_object_by_index(type_index, cls)
[+   25.444] [WARNING] Field "span" in type "ir.TupleType" duplicates an ancestor field in "ir.Type". Child types should not re-register inherited fields.
[+   25.444] [WARNING] Field "span" in type "ir.FuncType" duplicates an ancestor field in "ir.Type". Child types should not re-register inherited fields.
[+   25.444] [WARNING] Field "span" in type "ir.TensorMapType" duplicates an ancestor field in "ir.Type". Child types should not re-register inherited fields.
[+   25.449] [WARNING] Field "binding_blocks" in type "script.ir_builder.relax.FunctionFrame" duplicates an ancestor field in "script.ir_builder.relax.SeqExprFrame". Child types should not re-register inherited fields.
[+   25.449] [WARNING] Field "output" in type "script.ir_builder.relax.FunctionFrame" duplicates an ancestor field in "script.ir_builder.relax.SeqExprFrame". Child types should not re-register inherited fields.
[+   25.479] /opt/venv/lib/python3.12/site-packages/tvm_ffi/registry.py:85: UserWarning: Field 'span' in 'ir.TupleType' duplicates an ancestor field. Child types should not re-register inherited fields.
[+   25.479]   info = core._register_object_by_index(type_index, cls)
[+   25.479] /opt/venv/lib/python3.12/site-packages/tvm_ffi/registry.py:85: UserWarning: Field 'span' in 'ir.FuncType' duplicates an ancestor field. Child types should not re-register inherited fields.
[+   25.479]   info = core._register_object_by_index(type_index, cls)
[+   25.479] /opt/venv/lib/python3.12/site-packages/tvm_ffi/registry.py:85: UserWarning: Field 'span' in 'ir.TensorMapType' duplicates an ancestor field. Child types should not re-register inherited fields.
[+   25.479]   info = core._register_object_by_index(type_index, cls)
[+   25.488] [WARNING] Field "policy_type" in type "tl.GemmSPWarpPolicy" duplicates an ancestor field in "tl.GemmWarpPolicy". Child types should not re-register inherited fields.
[+   25.488] [WARNING] Field "m_warp" in type "tl.GemmSPWarpPolicy" duplicates an ancestor field in "tl.GemmWarpPolicy". Child types should not re-register inherited fields.
[+   25.488] [WARNING] Field "n_warp" in type "tl.GemmSPWarpPolicy" duplicates an ancestor field in "tl.GemmWarpPolicy". Child types should not re-register inherited fields.
[+   25.527] /opt/venv/lib/python3.12/site-packages/tvm_ffi/registry.py:85: UserWarning: Field 'name' in 'relax.TEPlaceholderOp' duplicates an ancestor field. Child types should not re-register inherited fields.
[+   25.527]   info = core._register_object_by_index(type_index, cls)
[+   25.527] /opt/venv/lib/python3.12/site-packages/tvm_ffi/registry.py:85: UserWarning: Field 'tag' in 'relax.TEPlaceholderOp' duplicates an ancestor field. Child types should not re-register inherited fields.
[+   25.527]   info = core._register_object_by_index(type_index, cls)
[+   25.527] /opt/venv/lib/python3.12/site-packages/tvm_ffi/registry.py:85: UserWarning: Field 'attrs' in 'relax.TEPlaceholderOp' duplicates an ancestor field. Child types should not re-register inherited fields.
[+   25.527]   info = core._register_object_by_index(type_index, cls)
[+   25.527] /opt/venv/lib/python3.12/site-packages/tvm_ffi/registry.py:85: UserWarning: Field 'shape' in 'relax.TEPlaceholderOp' duplicates an ancestor field. Child types should not re-register inherited fields.
[+   25.527]   info = core._register_object_by_index(type_index, cls)
[+   25.527] /opt/venv/lib/python3.12/site-packages/tvm_ffi/registry.py:85: UserWarning: Field 'dtype' in 'relax.TEPlaceholderOp' duplicates an ancestor field. Child types should not re-register inherited fields.
[+   25.527]   info = core._register_object_by_index(type_index, cls)
[+   25.621] /opt/venv/lib/python3.12/site-packages/tvm_ffi/registry.py:85: UserWarning: Field 'policy_type' in 'tl.GemmSPWarpPolicy' duplicates an ancestor field. Child types should not re-register inherited fields.
[+   25.621]   info = core._register_object_by_index(type_index, cls)
[+   25.621] /opt/venv/lib/python3.12/site-packages/tvm_ffi/registry.py:85: UserWarning: Field 'm_warp' in 'tl.GemmSPWarpPolicy' duplicates an ancestor field. Child types should not re-register inherited fields.
[+   25.621]   info = core._register_object_by_index(type_index, cls)
[+   25.621] /opt/venv/lib/python3.12/site-packages/tvm_ffi/registry.py:85: UserWarning: Field 'n_warp' in 'tl.GemmSPWarpPolicy' duplicates an ancestor field. Child types should not re-register inherited fields.
[+   25.621]   info = core._register_object_by_index(type_index, cls)
[+   25.688] [WARNING] Field "policy_type" in type "tl.GemmSPWarpPolicy" duplicates an ancestor field in "tl.GemmWarpPolicy". Child types should not re-register inherited fields.
[+   25.688] [WARNING] Field "m_warp" in type "tl.GemmSPWarpPolicy" duplicates an ancestor field in "tl.GemmWarpPolicy". Child types should not re-register inherited fields.
[+   25.688] [WARNING] Field "n_warp" in type "tl.GemmSPWarpPolicy" duplicates an ancestor field in "tl.GemmWarpPolicy". Child types should not re-register inherited fields.
[+   25.847] /opt/venv/lib/python3.12/site-packages/tvm_ffi/registry.py:85: UserWarning: Field 'policy_type' in 'tl.GemmSPWarpPolicy' duplicates an ancestor field. Child types should not re-register inherited fields.
[+   25.847]   info = core._register_object_by_index(type_index, cls)
[+   25.848] /opt/venv/lib/python3.12/site-packages/tvm_ffi/registry.py:85: UserWarning: Field 'm_warp' in 'tl.GemmSPWarpPolicy' duplicates an ancestor field. Child types should not re-register inherited fields.
[+   25.848]   info = core._register_object_by_index(type_index, cls)
[+   25.848] /opt/venv/lib/python3.12/site-packages/tvm_ffi/registry.py:85: UserWarning: Field 'n_warp' in 'tl.GemmSPWarpPolicy' duplicates an ancestor field. Child types should not re-register inherited fields.
[+   25.848]   info = core._register_object_by_index(type_index, cls)
[+   28.292] ERROR 07-26 04:06:08 [config.py:29] Failed to import Triton kernels. Please make sure your triton version is compatible. Error: No module named 'triton_kernels.matmul_ogs'
[+   28.363] INFO 07-26 04:06:08 [nixl_utils.py:20] Setting UCX_RCACHE_MAX_UNRELEASED to '1024' to avoid a rare memory leak in UCX when using NIXL.
[+   28.363] WARNING 07-26 04:06:08 [nixl_utils.py:34] NIXL is not available
[+   28.364] WARNING 07-26 04:06:08 [nixl_utils.py:44] NIXL agent config is not available
[+   28.501] /opt/venv/lib/python3.12/site-packages/modelopt/torch/__init__.py:53: UserWarning: transformers>=5.0 support is experimental. Unified Hugging Face checkpoint export for quantized checkpoints may not work for some models yet.
[+   28.502]   _warnings.warn(
[+   28.556] ERROR 07-26 04:06:08 [config.py:29] Failed to import Triton kernels. Please make sure your triton version is compatible. Error: No module named 'triton_kernels.matmul_ogs'
[+   28.625] INFO 07-26 04:06:08 [nixl_utils.py:20] Setting UCX_RCACHE_MAX_UNRELEASED to '1024' to avoid a rare memory leak in UCX when using NIXL.
[+   28.626] WARNING 07-26 04:06:08 [nixl_utils.py:34] NIXL is not available
[+   28.626] WARNING 07-26 04:06:08 [nixl_utils.py:44] NIXL agent config is not available
[+   28.762] /opt/venv/lib/python3.12/site-packages/modelopt/torch/__init__.py:53: UserWarning: transformers>=5.0 support is experimental. Unified Hugging Face checkpoint export for quantized checkpoints may not work for some models yet.
[+   28.762]   _warnings.warn(
[+   29.266] /opt/Megatron-Bridge/3rdparty/Megatron-LM/megatron/core/models/mimo/config/base_configs.py:12: UserWarning: MimoModelConfig is experimental and still under active development. The API may change without notice in future releases.
[+   29.266]   class MimoModelConfig:
[+   29.519] /opt/Megatron-Bridge/3rdparty/Megatron-LM/megatron/core/models/mimo/config/base_configs.py:12: UserWarning: MimoModelConfig is experimental and still under active development. The API may change without notice in future releases.
[+   29.519]   class MimoModelConfig:
[+   29.549] ERROR 07-26 04:06:09 [config.py:29] Failed to import Triton kernels. Please make sure your triton version is compatible. Error: No module named 'triton_kernels.matmul_ogs'
[+   29.569] Warning: You are sending unauthenticated requests to the HF Hub. Please set a HF_TOKEN to enable higher rate limits and faster downloads.
[+   29.569] WARNING:huggingface_hub.utils._http:Warning: You are sending unauthenticated requests to the HF Hub. Please set a HF_TOKEN to enable higher rate limits and faster downloads.
[+   29.621] INFO 07-26 04:06:09 [nixl_utils.py:20] Setting UCX_RCACHE_MAX_UNRELEASED to '1024' to avoid a rare memory leak in UCX when using NIXL.
[+   29.621] WARNING 07-26 04:06:09 [nixl_utils.py:34] NIXL is not available
[+   29.621] WARNING 07-26 04:06:09 [nixl_utils.py:44] NIXL agent config is not available
[+   29.654] [transformers] `torch_dtype` is deprecated! Use `dtype` instead!
[+   29.660] ERROR 07-26 04:06:09 [config.py:29] Failed to import Triton kernels. Please make sure your triton version is compatible. Error: No module named 'triton_kernels.matmul_ogs'
[+   29.719] /opt/Megatron-Bridge/3rdparty/Megatron-LM/megatron/core/transformer/transformer_config.py:2191: UserWarning: full scope is deprecated. Use empty cuda_graph_modules to capture the whole layer.
[+   29.719]   warnings.warn(
[+   29.719] /opt/Megatron-Bridge/src/megatron/bridge/training/config.py:1700: UserWarning: TrainingConfig.eval_iters is deprecated and will be removed in a future release. Use ValidationConfig.eval_iters instead.
[+   29.719]   cfg.validate()
[+   29.719] /opt/Megatron-Bridge/src/megatron/bridge/training/config.py:1700: UserWarning: TrainingConfig.eval_interval is deprecated and will be removed in a future release. Use ValidationConfig.eval_interval instead.
[+   29.719]   cfg.validate()
[+   29.729] INFO 07-26 04:06:09 [nixl_utils.py:20] Setting UCX_RCACHE_MAX_UNRELEASED to '1024' to avoid a rare memory leak in UCX when using NIXL.
[+   29.730] WARNING 07-26 04:06:09 [nixl_utils.py:34] NIXL is not available
[+   29.730] WARNING 07-26 04:06:09 [nixl_utils.py:44] NIXL agent config is not available
[+   29.765] /opt/venv/lib/python3.12/site-packages/modelopt/torch/__init__.py:53: UserWarning: transformers>=5.0 support is experimental. Unified Hugging Face checkpoint export for quantized checkpoints may not work for some models yet.
[+   29.765]   _warnings.warn(
[+   29.863] Warning: You are sending unauthenticated requests to the HF Hub. Please set a HF_TOKEN to enable higher rate limits and faster downloads.
[+   29.863] WARNING:huggingface_hub.utils._http:Warning: You are sending unauthenticated requests to the HF Hub. Please set a HF_TOKEN to enable higher rate limits and faster downloads.
[+   29.870] /opt/venv/lib/python3.12/site-packages/modelopt/torch/__init__.py:53: UserWarning: transformers>=5.0 support is experimental. Unified Hugging Face checkpoint export for quantized checkpoints may not work for some models yet.
[+   29.870]   _warnings.warn(
[+   29.881] [transformers] `torch_dtype` is deprecated! Use `dtype` instead!
[+   29.946] /opt/Megatron-Bridge/3rdparty/Megatron-LM/megatron/core/transformer/transformer_config.py:2191: UserWarning: full scope is deprecated. Use empty cuda_graph_modules to capture the whole layer.
[+   29.946]   warnings.warn(
[+   29.946] /opt/Megatron-Bridge/src/megatron/bridge/training/config.py:1700: UserWarning: TrainingConfig.eval_iters is deprecated and will be removed in a future release. Use ValidationConfig.eval_iters instead.
[+   29.946]   cfg.validate()
[+   29.946] /opt/Megatron-Bridge/src/megatron/bridge/training/config.py:1700: UserWarning: TrainingConfig.eval_interval is deprecated and will be removed in a future release. Use ValidationConfig.eval_interval instead.
[+   29.946]   cfg.validate()
[+   30.532] /opt/Megatron-Bridge/3rdparty/Megatron-LM/megatron/core/models/mimo/config/base_configs.py:12: UserWarning: MimoModelConfig is experimental and still under active development. The API may change without notice in future releases.
[+   30.533]   class MimoModelConfig:
[+   30.653] /opt/Megatron-Bridge/3rdparty/Megatron-LM/megatron/core/models/mimo/config/base_configs.py:12: UserWarning: MimoModelConfig is experimental and still under active development. The API may change without notice in future releases.
[+   30.653]   class MimoModelConfig:
[+   30.816] Warning: You are sending unauthenticated requests to the HF Hub. Please set a HF_TOKEN to enable higher rate limits and faster downloads.
[+   30.816] WARNING:huggingface_hub.utils._http:Warning: You are sending unauthenticated requests to the HF Hub. Please set a HF_TOKEN to enable higher rate limits and faster downloads.
[+   30.899] [transformers] `torch_dtype` is deprecated! Use `dtype` instead!
[+   30.899] WARNING:megatron.bridge.training.flex_dispatcher_backend:DeepEP is only applicable to Ampere, Hopper, and Blackwell (B200/B300) GPUs. Current GPU: NVIDIA GB300. Skipping DeepEP configuration.
[+   30.971] /tmp/hy3_pretrain.py:285: UserWarning: Function 'pretrain' is experimental. APIs in this module are subject to change without notice.
[+   30.971]   pretrain(config=cfg, forward_step_func=forward_step)
[+   30.972] /opt/Megatron-Bridge/3rdparty/Megatron-LM/megatron/core/transformer/transformer_config.py:2191: UserWarning: full scope is deprecated. Use empty cuda_graph_modules to capture the whole layer.
[+   30.972]   warnings.warn(
[+   30.973] /opt/Megatron-Bridge/src/megatron/bridge/training/config.py:1700: UserWarning: TrainingConfig.eval_iters is deprecated and will be removed in a future release. Use ValidationConfig.eval_iters instead.
[+   30.973]   cfg.validate()
[+   30.973] /opt/Megatron-Bridge/src/megatron/bridge/training/config.py:1700: UserWarning: TrainingConfig.eval_interval is deprecated and will be removed in a future release. Use ValidationConfig.eval_interval instead.
[+   30.973]   cfg.validate()
[+   30.973] ==========================================================================
[+   30.973] Hy3 295B | 256 GPU | TP1 PP2 VPP8 EP32 | MBS2 GBS16384 | fp8_mx
[+   30.973]   层数 80 (dense 1 + MoE 79)  hidden 4096  GQA 64Q/8KV x 128
[+   30.973]   MoE 192 experts top-8 ffn 1536 shared 1536
[+   30.973]   路由 sigmoid + expert_bias=True (rate 0.001) lb=none scale 2.826
[+   30.973]   dispatcher flex/hybridep  graph full_iteration  paged_stash True
[+   30.973]   MTP None  pp_layout Et*5|(t*5|)*14t*5L
[+   30.973]   DP=128  microbatch/rank=64  专家参数 286.3B (每 rank 4.47B)
[+   30.973]   env NUM_OF_HYBRID_EP_RANKS_PER_NVLINK_DOMAIN=32 (须 == EP 32)
[+   30.973] ==========================================================================
[+   30.973] 
[+   30.973] ======================================================================
[+   30.973] Configuration Summary (Non-Default Values vs Megatron Core)
[+   30.973] ======================================================================
[+   30.973] 
[+   30.973] [optimizer] Non-default values (vs Mcore OptimizerConfig):
[+   30.973]   adam_beta2: 0.95  (Mcore default: 0.999)
[+   30.973]   bf16: True  (Mcore default: False)
[+   30.973]   fp8_recipe: 'mxfp8'  (Mcore default: None)
[+   30.973]   lr: 0.0003  (Mcore default: None)
[+   30.973]   min_lr: 3e-05  (Mcore default: None)
[+   30.973]   overlap_param_gather: True  (Mcore default: False)
[+   30.973]   params_dtype: torch.bfloat16  (Mcore default: torch.float32)
[+   30.973]   reuse_grad_buf_for_mxfp8_param_ag: True  (Mcore default: False)
[+   30.973]   use_distributed_optimizer: True  (Mcore default: False)
[+   30.973]   weight_decay: 0.1  (Mcore default: 0.01)
[+   30.973] 
[+   30.973] [ddp] Non-default values (vs Mcore DistributedDataParallelConfig):
[+   30.973]   align_param_gather: True  (Mcore default: False)
[+   30.973]   average_in_collective: True  (Mcore default: False)
[+   30.973]   bucket_size: 134217728  (Mcore default: None)
[+   30.973]   data_parallel_sharding_strategy: 'optim_grads_params'  (Mcore default: 'no_shard')
[+   30.973]   delay_wgrad_compute: True  (Mcore default: False)
[+   30.973]   fp8_param_gather: True  (Mcore default: False)
[+   30.973]   overlap_grad_reduce: True  (Mcore default: False)
[+   30.973]   overlap_param_gather: True  (Mcore default: False)
[+   30.973]   reuse_grad_buf_for_mxfp8_param_ag: True  (Mcore default: False)
[+   30.973]   use_distributed_optimizer: True  (Mcore default: False)
[+   30.973] 
[+   30.973] [model] Non-default values (vs Mcore TransformerConfig):
[+   30.973]   add_bias_linear: False  (Mcore default: True)
[+   30.973]   apply_rope_fusion: True  (Mcore default: False)
[+   30.973]   attention_backend: None  (Mcore default: <AttnBackend.auto: 5>)
[+   30.973]   attention_dropout: 0.0  (Mcore default: 0.1)
[+   30.973]   attention_softmax_in_fp32: False  (Mcore default: True)
[+   30.973]   autocast_dtype: torch.bfloat16  (Mcore default: None)
[+   30.973]   batch_p2p_comm: False  (Mcore default: True)
[+   30.973]   bf16: True  (Mcore default: False)
[+   30.973]   cross_entropy_fusion_impl: 'te'  (Mcore default: 'native')
[+   30.973]   cross_entropy_loss_fusion: True  (Mcore default: False)
[+   30.973]   cuda_graph_impl: 'full_iteration'  (Mcore default: 'none')
[+   30.973]   cuda_graph_modules: []  (Mcore default: 'full')
[+   30.973]   deallocate_pipeline_outputs: True  (Mcore default: False)
[+   30.973]   delay_wgrad_compute: True  (Mcore default: False)
[+   30.973]   embedding_init_method_std: 0.02  (Mcore default: None)
[+   30.973]   expert_model_parallel_size: 32  (Mcore default: 1)
[+   30.973]   expert_tensor_parallel_size: 1  (Mcore default: None)
[+   30.973]   ffn_hidden_size: 13312  (Mcore default: None)
[+   30.973]   fp8: 'e4m3'  (Mcore default: None)
[+   30.973]   fp8_output_proj: True  (Mcore default: False)
[+   30.973]   fp8_param: True  (Mcore default: False)
[+   30.973]   fp8_recipe: 'mxfp8'  (Mcore default: 'delayed')
[+   30.973]   gated_linear_unit: True  (Mcore default: False)
[+   30.973]   gradient_accumulation_fusion: True  (Mcore default: False)
[+   30.973]   hidden_dropout: 0.0  (Mcore default: 0.1)
[+   30.973]   hidden_size: 4096  (Mcore default: 0)
[+   30.973]   high_priority_a2a_comm_stream: True  (Mcore default: False)
[+   30.973]   inference_cuda_graph_scope: <InferenceCudaGraphScope.none: 1>  (Mcore default: None)
[+   30.973]   kv_channels: 128  (Mcore default: None)
[+   30.973]   layernorm_epsilon: 1e-06  (Mcore default: 1e-05)
[+   30.973]   masked_softmax_fusion: True  (Mcore default: False)
[+   30.973]   microbatch_group_size_per_vp_stage: 2  (Mcore default: None)
[+   30.973]   moe_expert_rank_capacity_factor: 1.5  (Mcore default: None)
[+   30.973]   moe_ffn_hidden_size: 1536  (Mcore default: None)
[+   30.973]   moe_flex_dispatcher_backend: 'hybridep'  (Mcore default: 'deepep')
[+   30.973]   moe_grouped_gemm: True  (Mcore default: False)
[+   30.973]   moe_hybridep_num_sms: 16  (Mcore default: None)
[+   30.973]   moe_hybridep_num_sms_preprocessing: 32  (Mcore default: 108)
[+   30.973]   moe_layer_freq: [0, 1, 1, 1, 1, 1, 1, 1, 1, 1, 1, 1, 1, 1, 1, 1, 1, 1, 1, 1, 1, 1, 1, 1, 1, 1, 1, 1, 1, 1, 1, 1, 1, 1, 1, 1, 1, 1, 1, 1, 1, 1, 1, 1, 1, 1, 1, 1, 1, 1, 1, 1, 1, 1, 1, 1, 1, 1, 1, 1, 1, 1, 1, 1, 1, 1, 1, 1, 1, 1, 1, 1, 1, 1, 1, 1, 1, 1, 1, 1]  (Mcore default: 1)
[+   30.973]   moe_mlp_glu_interleave_size: 32  (Mcore default: None)
[+   30.973]   moe_pad_experts_for_cuda_graph_inference: True  (Mcore default: False)
[+   30.973]   moe_paged_stash: True  (Mcore default: False)
[+   30.973]   moe_paged_stash_buffer_size_factor_cpu: 1.0  (Mcore default: 0.0)
[+   30.973]   moe_paged_stash_buffer_size_factor_cuda: 1.2  (Mcore default: 1.1)
[+   30.973]   moe_permute_fusion: True  (Mcore default: False)
[+   30.973]   moe_router_dtype: 'fp32'  (Mcore default: None)
[+   30.973]   moe_router_enable_expert_bias: True  (Mcore default: False)
[+   30.973]   moe_router_force_load_balancing: True  (Mcore default: False)
[+   30.973]   moe_router_fusion: True  (Mcore default: False)
[+   30.973]   moe_router_load_balancing_type: 'none'  (Mcore default: 'aux_loss')
[+   30.973]   moe_router_score_function: 'sigmoid'  (Mcore default: 'softmax')
[+   30.973]   moe_router_topk: 8  (Mcore default: 2)
[+   30.973]   moe_router_topk_scaling_factor: 2.826  (Mcore default: None)
[+   30.973]   moe_shared_expert_intermediate_size: 1536  (Mcore default: None)
[+   30.973]   moe_token_dispatcher_type: 'flex'  (Mcore default: 'allgather')
[+   30.973]   normalization: 'RMSNorm'  (Mcore default: 'LayerNorm')
[+   30.973]   num_attention_heads: 64  (Mcore default: 0)
[+   30.973]   num_layers: 80  (Mcore default: 0)
[+   30.973]   num_layers_at_end_in_bf16: 0  (Mcore default: 1)
[+   30.973]   num_layers_at_start_in_bf16: 0  (Mcore default: 1)
[+   30.973]   num_moe_experts: 192  (Mcore default: None)
[+   30.973]   num_query_groups: 8  (Mcore default: None)
[+   30.973]   overlap_moe_expert_parallel_comm: True  (Mcore default: False)
[+   30.973]   overlap_p2p_comm: True  (Mcore default: False)
[+   30.973]   params_dtype: torch.bfloat16  (Mcore default: torch.float32)
[+   30.973]   pipeline_dtype: torch.bfloat16  (Mcore default: None)
[+   30.973]   pipeline_model_parallel_layout: Et*5|(t*5|)*14t*5L  (Mcore default: None)
[+   30.973]   pipeline_model_parallel_size: 2  (Mcore default: 1)
[+   30.973]   qk_layernorm: True  (Mcore default: False)
[+   30.973]   recompute_granularity: 'selective'  (Mcore default: None)
[+   30.973]   recompute_modules: []  (Mcore default: None)
[+   30.973]   use_te_rng_tracker: True  (Mcore default: False)
[+   30.973]   use_transformer_engine_op_fuser: True  (Mcore default: False)
[+   30.973]   virtual_pipeline_model_parallel_size: 8  (Mcore default: None)
[+   30.973]   wgrad_deferral_limit: -1  (Mcore default: 0)
[+   30.973] 
[+   30.973] ----------------------------------------------------------------------
[+   30.973] Other Configuration Values:
[+   30.973] ----------------------------------------------------------------------
[+   30.973] 
[+   30.973] [train]:
[+   30.973]   check_optimizer_step_success: True
[+   30.973]   decrease_batch_size_if_needed: False
[+   30.973]   empty_unused_memory_level: 0
[+   30.973]   eval_interval: 9
[+   30.973]   eval_iters: 0
[+   30.973]   exit_signal: <Signals.SIGTERM: 15>
[+   30.973]   exit_signal_handler: False
[+   30.973]   exit_signal_handler_for_dataloader: False
[+   30.973]   exit_signal_handler_for_training: False
[+   30.973]   global_batch_size: 16384
[+   30.973]   iterations_to_skip: []
[+   30.973]   manual_gc: True
[+   30.973]   manual_gc_eval: 100
[+   30.973]   manual_gc_interval: 100
[+   30.973]   micro_batch_size: 2
[+   30.973]   skip_sync_grad_norm_across_mp: False
[+   30.973]   train_iters: 8
[+   30.973] 
[+   30.973] [validation]:
[+   30.973]   eval_global_batch_size: 16384
[+   30.973]   eval_interval: 9
[+   30.973]   eval_iters: 0
[+   30.973]   eval_micro_batch_size: 2
[+   30.973]   full_validation: False
[+   30.973]   multiple_validation_sets: False
[+   30.973]   skip_train: False
[+   30.973]   test_mode: False
[+   30.973] 
[+   30.973] [scheduler]:
[+   30.973]   end_weight_decay: 0.033
[+   30.973]   lr_decay_iters: 50
[+   30.973]   lr_decay_steps: 819200
[+   30.973]   lr_decay_style: 'cosine'
[+   30.973]   lr_warmup_init: 0.0
[+   30.973]   lr_warmup_iters: 10
[+   30.973]   lr_warmup_samples: 0
[+   30.973]   lr_warmup_steps: 163840
[+   30.973]   lr_wsd_decay_style: 'minus_sqrt'
[+   30.973]   override_opt_param_scheduler: True
[+   30.973]   start_weight_decay: 0.033
[+   30.973]   use_checkpoint_opt_param_scheduler: False
[+   30.973]   wd_incr_steps: 131072
[+   30.973]   weight_decay_incr_style: 'constant'
[+   30.973] 
[+   30.973] [dataset]:
[+   30.973]   add_extra_token_to_sequence: True
[+   30.973]   allow_ambiguous_pad_tokens: False
[+   30.973]   create_attention_mask: True
[+   30.973]   data_parallel_size: 1
[+   30.973]   data_sharding: True
[+   30.973]   dataloader_type: 'single'
[+   30.973]   defer_npy_index_mmap: False
[+   30.973]   drop_last: True
[+   30.973]   drop_last_partial_validation_sequence: True
[+   30.973]   eod_mask_loss: False
[+   30.973]   fast_cache_load: False
[+   30.973]   hybrid_context_parallel: False
[+   30.973]   mid_level_dataset_surplus: 0.005
[+   30.973]   mmap_bin_files: True
[+   30.973]   mock: True
[+   30.973]   num_dataset_builder_threads: 1
[+   30.973]   num_workers: 8
[+   30.973]   persistent_workers: True
[+   30.973]   pin_memory: True
[+   30.973]   random_seed: 1234
[+   30.974]   reset_attention_mask: False
[+   30.974]   reset_position_ids: False
[+   30.974]   sequence_length: 4096
[+   30.974]   sequence_parallel_size: 0
[+   30.974]   split: '1,1,1'
[+   30.974]   split_matrix: [(0, 0.3333333333333333), (0.3333333333333333, 0.6666666666666666), (0.6666666666666666, 1.0)]
[+   30.974] 
[+   30.974] [checkpoint]:
[+   30.974]   async_ckpt_cpu_priority: 10
[+   30.974]   async_ckpt_io_priority: 3
[+   30.974]   async_ckpt_use_cpu_shm: False
[+   30.974]   async_save: False
[+   30.974]   async_strategy: 'mcore'
[+   30.974]   async_write_results_mp_mode: 'fork'
[+   30.974]   auto_detect_ckpt_format: False
[+   30.974]   ckpt_assume_constant_structure: False
[+   30.974]   ckpt_convert_update_legacy_dist_opt_format: False
[+   30.974]   ckpt_format: 'torch_dist'
[+   30.974]   ckpt_fully_parallel_load_exchange_algo: 'broadcast'
[+   30.974]   ckpt_fully_parallel_load_process_group: 'dp'
[+   30.974]   ckpt_fully_parallel_save_process_group: 'dp'
[+   30.974]   ckpt_load_validate_sharding_integrity: True
[+   30.974]   dist_ckpt_optim_fully_reshardable: False
[+   30.974]   dist_ckpt_save_pre_mcore_014: False
[+   30.974]   dist_ckpt_strictness: 'assume_ok_unexpected'
[+   30.974]   dist_ckpt_workers: 1
[+   30.974]   distrib_optim_fully_reshardable_mem_efficient: False
[+   30.974]   exit_on_missing_checkpoint: False
[+   30.974]   finetune: False
[+   30.974]   fully_parallel_load: False
[+   30.974]   fully_parallel_save: True
[+   30.974]   load: '/opt/Megatron-Bridge/nemo_experiments/default/checkpoints'
[+   30.974]   load_main_params_from_ckpt: False
[+   30.974]   load_optim: True
[+   30.974]   load_rng: True
[+   30.974]   most_recent_k: -1
[+   30.974]   non_persistent_local_ckpt_algo: 'fully_parallel'
[+   30.974]   replication: False
[+   30.974]   replication_factor: 2
[+   30.974]   save_optim: True
[+   30.974]   save_rng: True
[+   30.974]   save_tokenizer_assets: True
[+   30.974]   storage_writers_per_rank: 1
[+   30.974]   strict_fsdp_dtensor_load: False
[+   30.974]   use_checkpoint_args: False
[+   30.974]   use_mp_args_from_checkpoint_args: False
[+   30.974]   use_persistent_ckpt_worker: True
[+   30.974]   use_tokenizer_model_from_checkpoint_args: True
[+   30.974]   verify_integrity: False
[+   30.974] 
[+   30.974] [logger]:
[+   30.974]   barrier_with_L1_time: True
[+   30.974]   filter_warnings: True
[+   30.974]   log_device_memory_used: False
[+   30.974]   log_energy: False
[+   30.974]   log_interval: 1
[+   30.974]   log_l2_norm_grad_to_tensorboard: False
[+   30.974]   log_loss_scale_to_tensorboard: True
[+   30.974]   log_max_attention_logit: False
[+   30.974]   log_memory_to_tensorboard: False
[+   30.974]   log_num_zeros_in_grad: False
[+   30.974]   log_params_norm: False
[+   30.974]   log_progress: False
[+   30.974]   log_runtime_to_tensorboard: False
[+   30.974]   log_throughput: True
[+   30.974]   log_throughput_to_tensorboard: False
[+   30.974]   log_timers_to_tensorboard: True
[+   30.974]   log_validation_ppl_to_tensorboard: False
[+   30.974]   log_world_size_to_tensorboard: False
[+   30.974]   logging_level: 20
[+   30.974]   mlflow_log_artifacts: True
[+   30.974]   runtime_time_unit: 'hours'
[+   30.974]   set_level_for_all_loggers: False
[+   30.974]   skip_train_metrics_log: False
[+   30.974]   tensorboard_log_interval: 1
[+   30.974]   tensorboard_queue_size: 1000
[+   30.974]   throughput_window_size: 100
[+   30.974]   timing_log_level: 0
[+   30.974]   timing_log_option: 'minmax'
[+   30.974] 
[+   30.974] [tokenizer]:
[+   30.974]   force_system_message: False
[+   30.974]   hf_tokenizer_kwargs: {}
[+   30.974]   make_vocab_size_divisible_by: 1
[+   30.974]   null_tokenizer_pad_id: -1
[+   30.974]   pad_vocab_size: False
[+   30.974]   rank: 0
[+   30.974]   sp_tokenizer_kwargs: {}
[+   30.974]   tensor_model_parallel_size: 1
[+   30.974]   tiktoken_num_special_tokens: 1000
[+   30.974]   tokenizer_hf_no_include_special_tokens: False
[+   30.974]   tokenizer_hf_no_use_fast: False
[+   30.974]   tokenizer_sentencepiece_ignore_extra_whitespaces: True
[+   30.974]   tokenizer_sentencepiece_legacy: False
[+   30.974]   tokenizer_type: 'NullTokenizer'
[+   30.974]   trust_remote_code: False
[+   30.974]   vocab_extra_ids: 0
[+   30.974]   vocab_size: 120832
[+   30.974] 
[+   30.974] [rng]:
[+   30.974]   data_parallel_random_init: False
[+   30.974]   inference_rng_tracker: False
[+   30.974]   seed: 1234
[+   30.974]   te_rng_tracker: True
[+   30.974] 
[+   30.974] ======================================================================
[+   30.986] INFO:megatron.core.num_microbatches_calculator:setting number of microbatches to constant 64
[+   30.986] > initializing torch distributed ...
[+   31.075] Warning: You are sending unauthenticated requests to the HF Hub. Please set a HF_TOKEN to enable higher rate limits and faster downloads.
[+   31.076] WARNING:huggingface_hub.utils._http:Warning: You are sending unauthenticated requests to the HF Hub. Please set a HF_TOKEN to enable higher rate limits and faster downloads.
[+   31.095] [transformers] `torch_dtype` is deprecated! Use `dtype` instead!
[+   31.191] /opt/Megatron-Bridge/3rdparty/Megatron-LM/megatron/core/transformer/transformer_config.py:2191: UserWarning: full scope is deprecated. Use empty cuda_graph_modules to capture the whole layer.
[+   31.191]   warnings.warn(
[+   31.192] /opt/Megatron-Bridge/src/megatron/bridge/training/config.py:1700: UserWarning: TrainingConfig.eval_iters is deprecated and will be removed in a future release. Use ValidationConfig.eval_iters instead.
[+   31.192]   cfg.validate()
[+   31.192] /opt/Megatron-Bridge/src/megatron/bridge/training/config.py:1700: UserWarning: TrainingConfig.eval_interval is deprecated and will be removed in a future release. Use ValidationConfig.eval_interval instead.
[+   31.192]   cfg.validate()
[+   39.638] make: Entering directory '/opt/Megatron-Bridge/3rdparty/Megatron-LM/megatron/core/datasets'
[+   39.829] make: Nothing to be done for 'default'.
[+   39.829] make: Leaving directory '/opt/Megatron-Bridge/3rdparty/Megatron-LM/megatron/core/datasets'
[+   39.829] > initialized tensor model parallel with size 1
[+   39.829] > initialized pipeline model parallel with size 2
[+   39.829] > setting random seeds to 1234 ...
[+   39.829] > compiling dataset index builder ...
[+   39.829] >>> done with dataset index builder. Compilation time: 0.193 seconds
[+   39.830] /usr/local/lib/python3.12/dist-packages/torch/distributed/c10d_logger.py:83: UserWarning: barrier(): using the device under current context. You can specify `device_id` in `init_process_group` to mute this warning.
[+   39.830]   return func(*args, **kwargs)
[+   40.860] /usr/local/lib/python3.12/dist-packages/torch/utils/_config_module.py:540: FutureWarning: torch._dynamo.config.skip_code_recursive_on_recompile_limit_hit is deprecated and does not do anything. It will be removed in a future version of PyTorch.
[+   40.860]   config[key] = copy.deepcopy(getattr(self, key))
[+   40.921] /usr/local/lib/python3.12/dist-packages/torch/utils/_config_module.py:540: FutureWarning: torch._dynamo.config.skip_code_recursive_on_recompile_limit_hit is deprecated and does not do anything. It will be removed in a future version of PyTorch.
[+   40.921]   config[key] = copy.deepcopy(getattr(self, key))
[+   40.924] /usr/local/lib/python3.12/dist-packages/torch/utils/_config_module.py:540: FutureWarning: torch._dynamo.config.skip_code_recursive_on_recompile_limit_hit is deprecated and does not do anything. It will be removed in a future version of PyTorch.
[+   40.925]   config[key] = copy.deepcopy(getattr(self, key))
[+   41.341] /usr/local/lib/python3.12/dist-packages/torch/utils/_config_module.py:540: FutureWarning: torch._dynamo.config.skip_code_recursive_on_recompile_limit_hit is deprecated and does not do anything. It will be removed in a future version of PyTorch.
[+   41.341]   config[key] = copy.deepcopy(getattr(self, key))
[+   41.764] time to initialize megatron (seconds): 12.396
[+   41.764] /usr/local/lib/python3.12/dist-packages/torch/distributed/c10d_logger.py:83: UserWarning: barrier(): using the device under current context. You can specify `device_id` in `init_process_group` to mute this warning.
[+   41.764]   return func(*args, **kwargs)
[+   41.764] [after megatron is initialized] datetime: 2026-07-26 04:06:21 
[+   41.765] /opt/Megatron-Bridge/src/megatron/bridge/utils/common_utils.py:110: UserWarning: `build_tokenizer` is deprecated and will be removed soon. Please, use `megatron.core.tokenizers.utils.build_tokenizer` instead.
[+   41.765]   warnings.warn(message)
[+   41.769] [after tokenizer is built] datetime: 2026-07-26 04:06:21 
[+   41.769] /opt/Megatron-Bridge/3rdparty/Megatron-LM/megatron/core/models/gpt/gpt_layer_specs.py:216: UserWarning: The fp8 argument in "get_gpt_layer_with_transformer_engine_spec" has been deprecated and will be removed soon. Please update your code accordingly.
[+   41.769]   warnings.warn(
[+   41.769] /opt/Megatron-Bridge/3rdparty/Megatron-LM/megatron/core/models/gpt/gpt_layer_specs.py:216: UserWarning: The fp8 argument in "get_gpt_layer_with_transformer_engine_spec" has been deprecated and will be removed soon. Please update your code accordingly.
[+   41.769]   warnings.warn(
[+   41.769] /opt/Megatron-Bridge/3rdparty/Megatron-LM/megatron/core/models/gpt/gpt_layer_specs.py:216: UserWarning: The fp8 argument in "get_gpt_layer_with_transformer_engine_spec" has been deprecated and will be removed soon. Please update your code accordingly.
[+   41.769]   warnings.warn(
[+   41.769] /opt/Megatron-Bridge/3rdparty/Megatron-LM/megatron/core/models/gpt/gpt_layer_specs.py:216: UserWarning: The fp8 argument in "get_gpt_layer_with_transformer_engine_spec" has been deprecated and will be removed soon. Please update your code accordingly.
[+   41.769]   warnings.warn(
[+   44.404]  > number of parameters on (tensor, pipeline) model parallel rank (0, 0): 8831444992
[+   44.475] INFO:megatron.core.distributed.distributed_data_parallel:Setting up DistributedDataParallel with config DistributedDataParallelConfig(grad_reduce_in_fp32=False, overlap_grad_reduce=True, overlap_param_gather=True, align_param_gather=True, use_distributed_optimizer=True, num_distributed_optimizer_instances=1, check_for_nan_in_grad=False, check_for_large_grads=False, bucket_size=134217728, num_buckets=None, pad_buckets_for_high_nccl_busbw=False, reduce_scatter_with_fp32_accumulation=False, param_name_patterns_for_fp32_local_accumulation=(), average_in_collective=True, fp8_param_gather=True, fp4_param_gather=False, reuse_grad_buf_for_mxfp8_param_ag=True, use_megatron_fsdp=False, use_custom_fsdp=False, data_parallel_sharding_strategy='optim_grads_params', gradient_reduce_div_fusion=True, suggested_communication_unit_size=None, keep_fp8_transpose_cache=False, nccl_ub=False, fsdp_double_buffer=False, fsdp_db_use_persist_buf_on_alloc_fail=False, fsdp_all_gather_in_start_param_sync=True, outer_dp_sharding_strategy='no_shard', disable_symmetric_registration=False, fsdp_manual_registration=False, delay_wgrad_compute=True, megatron_fsdp_main_params_dtype=torch.float32, megatron_fsdp_main_grads_dtype=None, megatron_fsdp_grad_comm_dtype=None, megatron_fsdp_use_decoupled_grad=False, megatron_fsdp_cuda_graph_mode=False, megatron_fsdp_enable_fine_grained_param_gather=False)
[+   44.487] INFO:megatron.core.distributed.param_and_grad_buffer:Number of buckets for gradient all-reduce / reduce-scatter: 1
[+   44.487] Params for bucket 1 (498902272 elements, 498902272 padded size, 0 param(s) with extra main_grads):
[+   44.487] 	module.decoder.layers.4.mlp.router.weight (param.main_grad.dtype=torch.bfloat16)
[+   44.487] 	module.decoder.layers.4.pre_mlp_layernorm.weight (param.main_grad.dtype=torch.bfloat16)
[+   44.487] 	module.decoder.layers.4.self_attention.k_layernorm.weight (param.main_grad.dtype=torch.bfloat16)
[+   44.487] 	module.decoder.layers.4.self_attention.q_layernorm.weight (param.main_grad.dtype=torch.bfloat16)
[+   44.487] 	module.decoder.layers.4.self_attention.linear_qkv.layer_norm_weight (param.main_grad.dtype=torch.bfloat16)
[+   44.487] 	module.decoder.layers.3.mlp.router.weight (param.main_grad.dtype=torch.bfloat16)
[+   44.487] 	module.decoder.layers.3.pre_mlp_layernorm.weight (param.main_grad.dtype=torch.bfloat16)
[+   44.487] 	module.decoder.layers.3.self_attention.k_layernorm.weight (param.main_grad.dtype=torch.bfloat16)
[+   44.487] 	module.decoder.layers.3.self_attention.q_layernorm.weight (param.main_grad.dtype=torch.bfloat16)
[+   44.487] 	module.decoder.layers.3.self_attention.linear_qkv.layer_norm_weight (param.main_grad.dtype=torch.bfloat16)
[+   44.487] 	module.decoder.layers.2.mlp.router.weight (param.main_grad.dtype=torch.bfloat16)
[+   44.487] 	module.decoder.layers.2.pre_mlp_layernorm.weight (param.main_grad.dtype=torch.bfloat16)
[+   44.487] 	module.decoder.layers.2.self_attention.k_layernorm.weight (param.main_grad.dtype=torch.bfloat16)
[+   44.487] 	module.decoder.layers.2.self_attention.q_layernorm.weight (param.main_grad.dtype=torch.bfloat16)
[+   44.487] 	module.decoder.layers.2.self_attention.linear_qkv.layer_norm_weight (param.main_grad.dtype=torch.bfloat16)
[+   44.487] 	module.decoder.layers.1.mlp.router.weight (param.main_grad.dtype=torch.bfloat16)
[+   44.487] 	module.decoder.layers.1.pre_mlp_layernorm.weight (param.main_grad.dtype=torch.bfloat16)
[+   44.487] 	module.decoder.layers.1.self_attention.k_layernorm.weight (param.main_grad.dtype=torch.bfloat16)
[+   44.487] 	module.decoder.layers.1.self_attention.q_layernorm.weight (param.main_grad.dtype=torch.bfloat16)
[+   44.487] 	module.decoder.layers.1.self_attention.linear_qkv.layer_norm_weight (param.main_grad.dtype=torch.bfloat16)
[+   44.487] 	module.decoder.layers.0.mlp.router.weight (param.main_grad.dtype=torch.bfloat16)
[+   44.487] 	module.decoder.layers.0.pre_mlp_layernorm.weight (param.main_grad.dtype=torch.bfloat16)
[+   44.487] 	module.decoder.layers.0.self_attention.k_layernorm.weight (param.main_grad.dtype=torch.bfloat16)
[+   44.487] 	module.decoder.layers.0.self_attention.q_layernorm.weight (param.main_grad.dtype=torch.bfloat16)
[+   44.487] 	module.decoder.layers.0.self_attention.linear_qkv.layer_norm_weight (param.main_grad.dtype=torch.bfloat16)
[+   44.487] 	module.embedding.word_embeddings.weight (param.main_grad.dtype=torch.bfloat16)
[+   44.506] INFO:megatron.core.distributed.param_and_grad_buffer:Number of buckets for gradient all-reduce / reduce-scatter: 4
[+   44.506] Params for bucket 1 (155189248 elements, 155189248 padded size, 0 param(s) with extra main_grads):
[+   44.506] 	module.decoder.layers.4.mlp.shared_experts.linear_fc2.weight (param.main_grad.dtype=torch.bfloat16)
[+   44.506] 	module.decoder.layers.4.mlp.shared_experts.linear_fc1.weight (param.main_grad.dtype=torch.bfloat16)
[+   44.506] 	module.decoder.layers.4.self_attention.linear_qkv.weight (param.main_grad.dtype=torch.bfloat16)
[+   44.506] 	module.decoder.layers.4.self_attention.linear_proj.weight (param.main_grad.dtype=torch.bfloat16)
[+   44.506] 	module.decoder.layers.3.mlp.shared_experts.linear_fc2.weight (param.main_grad.dtype=torch.bfloat16)
[+   44.506] 	module.decoder.layers.3.mlp.shared_experts.linear_fc1.weight (param.main_grad.dtype=torch.bfloat16)
[+   44.506] 	module.decoder.layers.3.self_attention.linear_qkv.weight (param.main_grad.dtype=torch.bfloat16)
[+   44.506] Params for bucket 2 (134217728 elements, 134217728 padded size, 0 param(s) with extra main_grads):
[+   44.506] 	module.decoder.layers.3.self_attention.linear_proj.weight (param.main_grad.dtype=torch.bfloat16)
[+   44.506] 	module.decoder.layers.2.mlp.shared_experts.linear_fc2.weight (param.main_grad.dtype=torch.bfloat16)
[+   44.506] 	module.decoder.layers.2.mlp.shared_experts.linear_fc1.weight (param.main_grad.dtype=torch.bfloat16)
[+   44.506] 	module.decoder.layers.2.self_attention.linear_qkv.weight (param.main_grad.dtype=torch.bfloat16)
[+   44.506] 	module.decoder.layers.2.self_attention.linear_proj.weight (param.main_grad.dtype=torch.bfloat16)
[+   44.506] 	module.decoder.layers.1.mlp.shared_experts.linear_fc2.weight (param.main_grad.dtype=torch.bfloat16)
[+   44.506] Params for bucket 3 (148897792 elements, 148897792 padded size, 0 param(s) with extra main_grads):
[+   44.506] 	module.decoder.layers.1.mlp.shared_experts.linear_fc1.weight (param.main_grad.dtype=torch.bfloat16)
[+   44.506] 	module.decoder.layers.1.self_attention.linear_qkv.weight (param.main_grad.dtype=torch.bfloat16)
[+   44.506] 	module.decoder.layers.1.self_attention.linear_proj.weight (param.main_grad.dtype=torch.bfloat16)
[+   44.506] 	module.decoder.layers.0.mlp.shared_experts.linear_fc2.weight (param.main_grad.dtype=torch.bfloat16)
[+   44.506] 	module.decoder.layers.0.mlp.shared_experts.linear_fc1.weight (param.main_grad.dtype=torch.bfloat16)
[+   44.506] 	module.decoder.layers.0.self_attention.linear_qkv.weight (param.main_grad.dtype=torch.bfloat16)
[+   44.506] Params for bucket 4 (33554432 elements, 33554432 padded size, 0 param(s) with extra main_grads):
[+   44.506] 	module.decoder.layers.0.self_attention.linear_proj.weight (param.main_grad.dtype=torch.bfloat16)
[+   44.532] INFO:megatron.core.distributed.param_and_grad_buffer:Number of buckets for gradient all-reduce / reduce-scatter: 5
[+   44.532] Params for bucket 1 (138412032 elements, 138412032 padded size, 0 param(s) with extra main_grads):
[+   44.532] 	module.decoder.layers.4.mlp.experts.linear_fc2.weight5 (param.main_grad.dtype=torch.bfloat16)
[+   44.532] 	module.decoder.layers.4.mlp.experts.linear_fc2.weight4 (param.main_grad.dtype=torch.bfloat16)
[+   44.532] 	module.decoder.layers.4.mlp.experts.linear_fc2.weight3 (param.main_grad.dtype=torch.bfloat16)
[+   44.532] 	module.decoder.layers.4.mlp.experts.linear_fc2.weight2 (param.main_grad.dtype=torch.bfloat16)
[+   44.532] 	module.decoder.layers.4.mlp.experts.linear_fc2.weight1 (param.main_grad.dtype=torch.bfloat16)
[+   44.532] 	module.decoder.layers.4.mlp.experts.linear_fc2.weight0 (param.main_grad.dtype=torch.bfloat16)
[+   44.532] 	module.decoder.layers.4.mlp.experts.linear_fc1.weight5 (param.main_grad.dtype=torch.bfloat16)
[+   44.532] 	module.decoder.layers.4.mlp.experts.linear_fc1.weight4 (param.main_grad.dtype=torch.bfloat16)
[+   44.532] 	module.decoder.layers.4.mlp.experts.linear_fc1.weight3 (param.main_grad.dtype=torch.bfloat16)
[+   44.532] 	module.decoder.layers.4.mlp.experts.linear_fc1.weight2 (param.main_grad.dtype=torch.bfloat16)
[+   44.532] 	module.decoder.layers.4.mlp.experts.linear_fc1.weight1 (param.main_grad.dtype=torch.bfloat16)
[+   44.532] 	module.decoder.layers.4.mlp.experts.linear_fc1.weight0 (param.main_grad.dtype=torch.bfloat16)
[+   44.532] 	module.decoder.layers.3.mlp.experts.linear_fc2.weight5 (param.main_grad.dtype=torch.bfloat16)
[+   44.532] 	module.decoder.layers.3.mlp.experts.linear_fc2.weight4 (param.main_grad.dtype=torch.bfloat16)
[+   44.532] 	module.decoder.layers.3.mlp.experts.linear_fc2.weight3 (param.main_grad.dtype=torch.bfloat16)
[+   44.532] 	module.decoder.layers.3.mlp.experts.linear_fc2.weight2 (param.main_grad.dtype=torch.bfloat16)
[+   44.532] Params for bucket 2 (138412032 elements, 138412032 padded size, 0 param(s) with extra main_grads):
[+   44.532] 	module.decoder.layers.3.mlp.experts.linear_fc2.weight1 (param.main_grad.dtype=torch.bfloat16)
[+   44.532] 	module.decoder.layers.3.mlp.experts.linear_fc2.weight0 (param.main_grad.dtype=torch.bfloat16)
[+   44.532] 	module.decoder.layers.3.mlp.experts.linear_fc1.weight5 (param.main_grad.dtype=torch.bfloat16)
[+   44.532] 	module.decoder.layers.3.mlp.experts.linear_fc1.weight4 (param.main_grad.dtype=torch.bfloat16)
[+   44.532] 	module.decoder.layers.3.mlp.experts.linear_fc1.weight3 (param.main_grad.dtype=torch.bfloat16)
[+   44.532] 	module.decoder.layers.3.mlp.experts.linear_fc1.weight2 (param.main_grad.dtype=torch.bfloat16)
[+   44.532] 	module.decoder.layers.3.mlp.experts.linear_fc1.weight1 (param.main_grad.dtype=torch.bfloat16)
[+   44.532] 	module.decoder.layers.3.mlp.experts.linear_fc1.weight0 (param.main_grad.dtype=torch.bfloat16)
[+   44.532] 	module.decoder.layers.2.mlp.experts.linear_fc2.weight5 (param.main_grad.dtype=torch.bfloat16)
[+   44.532] 	module.decoder.layers.2.mlp.experts.linear_fc2.weight4 (param.main_grad.dtype=torch.bfloat16)
[+   44.532] 	module.decoder.layers.2.mlp.experts.linear_fc2.weight3 (param.main_grad.dtype=torch.bfloat16)
[+   44.532] 	module.decoder.layers.2.mlp.experts.linear_fc2.weight2 (param.main_grad.dtype=torch.bfloat16)
[+   44.532] 	module.decoder.layers.2.mlp.experts.linear_fc2.weight1 (param.main_grad.dtype=torch.bfloat16)
[+   44.532] 	module.decoder.layers.2.mlp.experts.linear_fc2.weight0 (param.main_grad.dtype=torch.bfloat16)
[+   44.532] 	module.decoder.layers.2.mlp.experts.linear_fc1.weight5 (param.main_grad.dtype=torch.bfloat16)
[+   44.532] Params for bucket 3 (138412032 elements, 138412032 padded size, 0 param(s) with extra main_grads):
[+   44.532] 	module.decoder.layers.2.mlp.experts.linear_fc1.weight4 (param.main_grad.dtype=torch.bfloat16)
[+   44.532] 	module.decoder.layers.2.mlp.experts.linear_fc1.weight3 (param.main_grad.dtype=torch.bfloat16)
[+   44.532] 	module.decoder.layers.2.mlp.experts.linear_fc1.weight2 (param.main_grad.dtype=torch.bfloat16)
[+   44.532] 	module.decoder.layers.2.mlp.experts.linear_fc1.weight1 (param.main_grad.dtype=torch.bfloat16)
[+   44.532] 	module.decoder.layers.2.mlp.experts.linear_fc1.weight0 (param.main_grad.dtype=torch.bfloat16)
[+   44.532] 	module.decoder.layers.1.mlp.experts.linear_fc2.weight5 (param.main_grad.dtype=torch.bfloat16)
[+   44.532] 	module.decoder.layers.1.mlp.experts.linear_fc2.weight4 (param.main_grad.dtype=torch.bfloat16)
[+   44.532] 	module.decoder.layers.1.mlp.experts.linear_fc2.weight3 (param.main_grad.dtype=torch.bfloat16)
[+   44.532] 	module.decoder.layers.1.mlp.experts.linear_fc2.weight2 (param.main_grad.dtype=torch.bfloat16)
[+   44.532] 	module.decoder.layers.1.mlp.experts.linear_fc2.weight1 (param.main_grad.dtype=torch.bfloat16)
[+   44.532] 	module.decoder.layers.1.mlp.experts.linear_fc2.weight0 (param.main_grad.dtype=torch.bfloat16)
[+   44.532] 	module.decoder.layers.1.mlp.experts.linear_fc1.weight5 (param.main_grad.dtype=torch.bfloat16)
[+   44.532] 	module.decoder.layers.1.mlp.experts.linear_fc1.weight4 (param.main_grad.dtype=torch.bfloat16)
[+   44.532] 	module.decoder.layers.1.mlp.experts.linear_fc1.weight3 (param.main_grad.dtype=torch.bfloat16)
[+   44.532] Params for bucket 4 (138412032 elements, 138412032 padded size, 0 param(s) with extra main_grads):
[+   44.532] 	module.decoder.layers.1.mlp.experts.linear_fc1.weight2 (param.main_grad.dtype=torch.bfloat16)
[+   44.532] 	module.decoder.layers.1.mlp.experts.linear_fc1.weight1 (param.main_grad.dtype=torch.bfloat16)
[+   44.532] 	module.decoder.layers.1.mlp.experts.linear_fc1.weight0 (param.main_grad.dtype=torch.bfloat16)
[+   44.532] 	module.decoder.layers.0.mlp.experts.linear_fc2.weight5 (param.main_grad.dtype=torch.bfloat16)
[+   44.532] 	module.decoder.layers.0.mlp.experts.linear_fc2.weight4 (param.main_grad.dtype=torch.bfloat16)
[+   44.532] 	module.decoder.layers.0.mlp.experts.linear_fc2.weight3 (param.main_grad.dtype=torch.bfloat16)
[+   44.532] 	module.decoder.layers.0.mlp.experts.linear_fc2.weight2 (param.main_grad.dtype=torch.bfloat16)
[+   44.532] 	module.decoder.layers.0.mlp.experts.linear_fc2.weight1 (param.main_grad.dtype=torch.bfloat16)
[+   44.532] 	module.decoder.layers.0.mlp.experts.linear_fc2.weight0 (param.main_grad.dtype=torch.bfloat16)
[+   44.532] 	module.decoder.layers.0.mlp.experts.linear_fc1.weight5 (param.main_grad.dtype=torch.bfloat16)
[+   44.532] 	module.decoder.layers.0.mlp.experts.linear_fc1.weight4 (param.main_grad.dtype=torch.bfloat16)
[+   44.532] 	module.decoder.layers.0.mlp.experts.linear_fc1.weight3 (param.main_grad.dtype=torch.bfloat16)
[+   44.532] 	module.decoder.layers.0.mlp.experts.linear_fc1.weight2 (param.main_grad.dtype=torch.bfloat16)
[+   44.532] 	module.decoder.layers.0.mlp.experts.linear_fc1.weight1 (param.main_grad.dtype=torch.bfloat16)
[+   44.532] Params for bucket 5 (12582912 elements, 12582912 padded size, 0 param(s) with extra main_grads):
[+   44.532] 	module.decoder.layers.0.mlp.experts.linear_fc1.weight0 (param.main_grad.dtype=torch.bfloat16)
[+   44.532] INFO:megatron.core.distributed.param_and_grad_buffer:Using reduce-scatter for gradient reductions because self.ddp_config.use_distributed_optimizer=True
[+   44.532] INFO:megatron.core.distributed.param_and_grad_buffer:Using reduce-scatter for gradient reductions because self.ddp_config.use_distributed_optimizer=True
[+   44.532] INFO:megatron.core.distributed.param_and_grad_buffer:Using reduce-scatter for gradient reductions because self.ddp_config.use_distributed_optimizer=True
[+   44.532] INFO:megatron.core.distributed.param_and_grad_buffer:Using reduce-scatter for gradient reductions because self.ddp_config.use_distributed_optimizer=True
[+   44.532] INFO:megatron.core.distributed.param_and_grad_buffer:Using reduce-scatter for gradient reductions because self.ddp_config.use_distributed_optimizer=True
[+   44.532] INFO:megatron.core.distributed.param_and_grad_buffer:Using reduce-scatter for gradient reductions because self.ddp_config.use_distributed_optimizer=True
[+   44.532] INFO:megatron.core.distributed.param_and_grad_buffer:Using reduce-scatter for gradient reductions because self.ddp_config.use_distributed_optimizer=True
[+   44.532] INFO:megatron.core.distributed.param_and_grad_buffer:Using reduce-scatter for gradient reductions because self.ddp_config.use_distributed_optimizer=True
[+   44.532] INFO:megatron.core.distributed.param_and_grad_buffer:Using reduce-scatter for gradient reductions because self.ddp_config.use_distributed_optimizer=True
[+   44.555] INFO:megatron.core.distributed.distributed_data_parallel:Setting up DistributedDataParallel with config DistributedDataParallelConfig(grad_reduce_in_fp32=False, overlap_grad_reduce=True, overlap_param_gather=True, align_param_gather=True, use_distributed_optimizer=True, num_distributed_optimizer_instances=1, check_for_nan_in_grad=False, check_for_large_grads=False, bucket_size=134217728, num_buckets=None, pad_buckets_for_high_nccl_busbw=False, reduce_scatter_with_fp32_accumulation=False, param_name_patterns_for_fp32_local_accumulation=(), average_in_collective=True, fp8_param_gather=True, fp4_param_gather=False, reuse_grad_buf_for_mxfp8_param_ag=True, use_megatron_fsdp=False, use_custom_fsdp=False, data_parallel_sharding_strategy='optim_grads_params', gradient_reduce_div_fusion=True, suggested_communication_unit_size=None, keep_fp8_transpose_cache=False, nccl_ub=False, fsdp_double_buffer=False, fsdp_db_use_persist_buf_on_alloc_fail=False, fsdp_all_gather_in_start_param_sync=True, outer_dp_sharding_strategy='no_shard', disable_symmetric_registration=False, fsdp_manual_registration=False, delay_wgrad_compute=True, megatron_fsdp_main_params_dtype=torch.float32, megatron_fsdp_main_grads_dtype=None, megatron_fsdp_grad_comm_dtype=None, megatron_fsdp_use_decoupled_grad=False, megatron_fsdp_cuda_graph_mode=False, megatron_fsdp_enable_fine_grained_param_gather=False)
[+   44.573] INFO:megatron.core.distributed.param_and_grad_buffer:Number of buckets for gradient all-reduce / reduce-scatter: 1
[+   44.573] Params for bucket 1 (471859200 elements, 471859200 padded size, 0 param(s) with extra main_grads):
[+   44.573] 	module.decoder.layers.4.mlp.shared_experts.linear_fc2.weight (param.main_grad.dtype=torch.bfloat16)
[+   44.573] 	module.decoder.layers.4.mlp.shared_experts.linear_fc1.weight (param.main_grad.dtype=torch.bfloat16)
[+   44.573] 	module.decoder.layers.4.self_attention.linear_qkv.weight (param.main_grad.dtype=torch.bfloat16)
[+   44.573] 	module.decoder.layers.4.self_attention.linear_proj.weight (param.main_grad.dtype=torch.bfloat16)
[+   44.573] 	module.decoder.layers.3.mlp.shared_experts.linear_fc2.weight (param.main_grad.dtype=torch.bfloat16)
[+   44.573] 	module.decoder.layers.3.mlp.shared_experts.linear_fc1.weight (param.main_grad.dtype=torch.bfloat16)
[+   44.573] 	module.decoder.layers.3.self_attention.linear_qkv.weight (param.main_grad.dtype=torch.bfloat16)
[+   44.573] 	module.decoder.layers.3.self_attention.linear_proj.weight (param.main_grad.dtype=torch.bfloat16)
[+   44.573] 	module.decoder.layers.2.mlp.shared_experts.linear_fc2.weight (param.main_grad.dtype=torch.bfloat16)
[+   44.573] 	module.decoder.layers.2.mlp.shared_experts.linear_fc1.weight (param.main_grad.dtype=torch.bfloat16)
[+   44.573] 	module.decoder.layers.2.self_attention.linear_qkv.weight (param.main_grad.dtype=torch.bfloat16)
[+   44.573] 	module.decoder.layers.2.self_attention.linear_proj.weight (param.main_grad.dtype=torch.bfloat16)
[+   44.573] 	module.decoder.layers.1.mlp.shared_experts.linear_fc2.weight (param.main_grad.dtype=torch.bfloat16)
[+   44.573] 	module.decoder.layers.1.mlp.shared_experts.linear_fc1.weight (param.main_grad.dtype=torch.bfloat16)
[+   44.573] 	module.decoder.layers.1.self_attention.linear_qkv.weight (param.main_grad.dtype=torch.bfloat16)
[+   44.573] 	module.decoder.layers.1.self_attention.linear_proj.weight (param.main_grad.dtype=torch.bfloat16)
[+   44.573] 	module.decoder.layers.0.mlp.shared_experts.linear_fc2.weight (param.main_grad.dtype=torch.bfloat16)
[+   44.573] 	module.decoder.layers.0.mlp.shared_experts.linear_fc1.weight (param.main_grad.dtype=torch.bfloat16)
[+   44.573] 	module.decoder.layers.0.self_attention.linear_qkv.weight (param.main_grad.dtype=torch.bfloat16)
[+   44.573] 	module.decoder.layers.0.self_attention.linear_proj.weight (param.main_grad.dtype=torch.bfloat16)
[+   44.574] INFO:megatron.core.distributed.param_and_grad_buffer:Number of buckets for gradient all-reduce / reduce-scatter: 1
[+   44.574] Params for bucket 1 (3974400 elements, 3974400 padded size, 0 param(s) with extra main_grads):
[+   44.574] 	module.decoder.layers.4.mlp.router.weight (param.main_grad.dtype=torch.bfloat16)
[+   44.574] 	module.decoder.layers.4.pre_mlp_layernorm.weight (param.main_grad.dtype=torch.bfloat16)
[+   44.574] 	module.decoder.layers.4.self_attention.k_layernorm.weight (param.main_grad.dtype=torch.bfloat16)
[+   44.574] 	module.decoder.layers.4.self_attention.q_layernorm.weight (param.main_grad.dtype=torch.bfloat16)
[+   44.574] 	module.decoder.layers.4.self_attention.linear_qkv.layer_norm_weight (param.main_grad.dtype=torch.bfloat16)
[+   44.574] 	module.decoder.layers.3.mlp.router.weight (param.main_grad.dtype=torch.bfloat16)
[+   44.574] 	module.decoder.layers.3.pre_mlp_layernorm.weight (param.main_grad.dtype=torch.bfloat16)
[+   44.574] 	module.decoder.layers.3.self_attention.k_layernorm.weight (param.main_grad.dtype=torch.bfloat16)
[+   44.574] 	module.decoder.layers.3.self_attention.q_layernorm.weight (param.main_grad.dtype=torch.bfloat16)
[+   44.574] 	module.decoder.layers.3.self_attention.linear_qkv.layer_norm_weight (param.main_grad.dtype=torch.bfloat16)
[+   44.574] 	module.decoder.layers.2.mlp.router.weight (param.main_grad.dtype=torch.bfloat16)
[+   44.574] 	module.decoder.layers.2.pre_mlp_layernorm.weight (param.main_grad.dtype=torch.bfloat16)
[+   44.574] 	module.decoder.layers.2.self_attention.k_layernorm.weight (param.main_grad.dtype=torch.bfloat16)
[+   44.574] 	module.decoder.layers.2.self_attention.q_layernorm.weight (param.main_grad.dtype=torch.bfloat16)
[+   44.574] 	module.decoder.layers.2.self_attention.linear_qkv.layer_norm_weight (param.main_grad.dtype=torch.bfloat16)
[+   44.574] 	module.decoder.layers.1.mlp.router.weight (param.main_grad.dtype=torch.bfloat16)
[+   44.574] 	module.decoder.layers.1.pre_mlp_layernorm.weight (param.main_grad.dtype=torch.bfloat16)
[+   44.574] 	module.decoder.layers.1.self_attention.k_layernorm.weight (param.main_grad.dtype=torch.bfloat16)
[+   44.574] 	module.decoder.layers.1.self_attention.q_layernorm.weight (param.main_grad.dtype=torch.bfloat16)
[+   44.574] 	module.decoder.layers.1.self_attention.linear_qkv.layer_norm_weight (param.main_grad.dtype=torch.bfloat16)
[+   44.574] 	module.decoder.layers.0.mlp.router.weight (param.main_grad.dtype=torch.bfloat16)
[+   44.574] 	module.decoder.layers.0.pre_mlp_layernorm.weight (param.main_grad.dtype=torch.bfloat16)
[+   44.574] 	module.decoder.layers.0.self_attention.k_layernorm.weight (param.main_grad.dtype=torch.bfloat16)
[+   44.574] 	module.decoder.layers.0.self_attention.q_layernorm.weight (param.main_grad.dtype=torch.bfloat16)
[+   44.574] 	module.decoder.layers.0.self_attention.linear_qkv.layer_norm_weight (param.main_grad.dtype=torch.bfloat16)
[+   44.593] INFO:megatron.core.distributed.param_and_grad_buffer:Number of buckets for gradient all-reduce / reduce-scatter: 1
[+   44.593] Params for bucket 1 (566231040 elements, 566231040 padded size, 0 param(s) with extra main_grads):
[+   44.593] 	module.decoder.layers.4.mlp.experts.linear_fc2.weight5 (param.main_grad.dtype=torch.bfloat16)
[+   44.593] 	module.decoder.layers.4.mlp.experts.linear_fc2.weight4 (param.main_grad.dtype=torch.bfloat16)
[+   44.593] 	module.decoder.layers.4.mlp.experts.linear_fc2.weight3 (param.main_grad.dtype=torch.bfloat16)
[+   44.593] 	module.decoder.layers.4.mlp.experts.linear_fc2.weight2 (param.main_grad.dtype=torch.bfloat16)
[+   44.593] 	module.decoder.layers.4.mlp.experts.linear_fc2.weight1 (param.main_grad.dtype=torch.bfloat16)
[+   44.593] 	module.decoder.layers.4.mlp.experts.linear_fc2.weight0 (param.main_grad.dtype=torch.bfloat16)
[+   44.593] 	module.decoder.layers.4.mlp.experts.linear_fc1.weight5 (param.main_grad.dtype=torch.bfloat16)
[+   44.593] 	module.decoder.layers.4.mlp.experts.linear_fc1.weight4 (param.main_grad.dtype=torch.bfloat16)
[+   44.593] 	module.decoder.layers.4.mlp.experts.linear_fc1.weight3 (param.main_grad.dtype=torch.bfloat16)
[+   44.593] 	module.decoder.layers.4.mlp.experts.linear_fc1.weight2 (param.main_grad.dtype=torch.bfloat16)
[+   44.593] 	module.decoder.layers.4.mlp.experts.linear_fc1.weight1 (param.main_grad.dtype=torch.bfloat16)
[+   44.593] 	module.decoder.layers.4.mlp.experts.linear_fc1.weight0 (param.main_grad.dtype=torch.bfloat16)
[+   44.593] 	module.decoder.layers.3.mlp.experts.linear_fc2.weight5 (param.main_grad.dtype=torch.bfloat16)
[+   44.593] 	module.decoder.layers.3.mlp.experts.linear_fc2.weight4 (param.main_grad.dtype=torch.bfloat16)
[+   44.593] 	module.decoder.layers.3.mlp.experts.linear_fc2.weight3 (param.main_grad.dtype=torch.bfloat16)
[+   44.593] 	module.decoder.layers.3.mlp.experts.linear_fc2.weight2 (param.main_grad.dtype=torch.bfloat16)
[+   44.593] 	module.decoder.layers.3.mlp.experts.linear_fc2.weight1 (param.main_grad.dtype=torch.bfloat16)
[+   44.593] 	module.decoder.layers.3.mlp.experts.linear_fc2.weight0 (param.main_grad.dtype=torch.bfloat16)
[+   44.593] 	module.decoder.layers.3.mlp.experts.linear_fc1.weight5 (param.main_grad.dtype=torch.bfloat16)
[+   44.593] 	module.decoder.layers.3.mlp.experts.linear_fc1.weight4 (param.main_grad.dtype=torch.bfloat16)
[+   44.593] 	module.decoder.layers.3.mlp.experts.linear_fc1.weight3 (param.main_grad.dtype=torch.bfloat16)
[+   44.593] 	module.decoder.layers.3.mlp.experts.linear_fc1.weight2 (param.main_grad.dtype=torch.bfloat16)
[+   44.593] 	module.decoder.layers.3.mlp.experts.linear_fc1.weight1 (param.main_grad.dtype=torch.bfloat16)
[+   44.593] 	module.decoder.layers.3.mlp.experts.linear_fc1.weight0 (param.main_grad.dtype=torch.bfloat16)
[+   44.593] 	module.decoder.layers.2.mlp.experts.linear_fc2.weight5 (param.main_grad.dtype=torch.bfloat16)
[+   44.593] 	module.decoder.layers.2.mlp.experts.linear_fc2.weight4 (param.main_grad.dtype=torch.bfloat16)
[+   44.593] 	module.decoder.layers.2.mlp.experts.linear_fc2.weight3 (param.main_grad.dtype=torch.bfloat16)
[+   44.593] 	module.decoder.layers.2.mlp.experts.linear_fc2.weight2 (param.main_grad.dtype=torch.bfloat16)
[+   44.593] 	module.decoder.layers.2.mlp.experts.linear_fc2.weight1 (param.main_grad.dtype=torch.bfloat16)
[+   44.593] 	module.decoder.layers.2.mlp.experts.linear_fc2.weight0 (param.main_grad.dtype=torch.bfloat16)
[+   44.593] 	module.decoder.layers.2.mlp.experts.linear_fc1.weight5 (param.main_grad.dtype=torch.bfloat16)
[+   44.593] 	module.decoder.layers.2.mlp.experts.linear_fc1.weight4 (param.main_grad.dtype=torch.bfloat16)
[+   44.593] 	module.decoder.layers.2.mlp.experts.linear_fc1.weight3 (param.main_grad.dtype=torch.bfloat16)
[+   44.593] 	module.decoder.layers.2.mlp.experts.linear_fc1.weight2 (param.main_grad.dtype=torch.bfloat16)
[+   44.593] 	module.decoder.layers.2.mlp.experts.linear_fc1.weight1 (param.main_grad.dtype=torch.bfloat16)
[+   44.593] 	module.decoder.layers.2.mlp.experts.linear_fc1.weight0 (param.main_grad.dtype=torch.bfloat16)
[+   44.593] 	module.decoder.layers.1.mlp.experts.linear_fc2.weight5 (param.main_grad.dtype=torch.bfloat16)
[+   44.593] 	module.decoder.layers.1.mlp.experts.linear_fc2.weight4 (param.main_grad.dtype=torch.bfloat16)
[+   44.593] 	module.decoder.layers.1.mlp.experts.linear_fc2.weight3 (param.main_grad.dtype=torch.bfloat16)
[+   44.593] 	module.decoder.layers.1.mlp.experts.linear_fc2.weight2 (param.main_grad.dtype=torch.bfloat16)
[+   44.593] 	module.decoder.layers.1.mlp.experts.linear_fc2.weight1 (param.main_grad.dtype=torch.bfloat16)
[+   44.593] 	module.decoder.layers.1.mlp.experts.linear_fc2.weight0 (param.main_grad.dtype=torch.bfloat16)
[+   44.593] 	module.decoder.layers.1.mlp.experts.linear_fc1.weight5 (param.main_grad.dtype=torch.bfloat16)
[+   44.593] 	module.decoder.layers.1.mlp.experts.linear_fc1.weight4 (param.main_grad.dtype=torch.bfloat16)
[+   44.593] 	module.decoder.layers.1.mlp.experts.linear_fc1.weight3 (param.main_grad.dtype=torch.bfloat16)
[+   44.593] 	module.decoder.layers.1.mlp.experts.linear_fc1.weight2 (param.main_grad.dtype=torch.bfloat16)
[+   44.593] 	module.decoder.layers.1.mlp.experts.linear_fc1.weight1 (param.main_grad.dtype=torch.bfloat16)
[+   44.593] 	module.decoder.layers.1.mlp.experts.linear_fc1.weight0 (param.main_grad.dtype=torch.bfloat16)
[+   44.593] 	module.decoder.layers.0.mlp.experts.linear_fc2.weight5 (param.main_grad.dtype=torch.bfloat16)
[+   44.593] 	module.decoder.layers.0.mlp.experts.linear_fc2.weight4 (param.main_grad.dtype=torch.bfloat16)
[+   44.593] 	module.decoder.layers.0.mlp.experts.linear_fc2.weight3 (param.main_grad.dtype=torch.bfloat16)
[+   44.593] 	module.decoder.layers.0.mlp.experts.linear_fc2.weight2 (param.main_grad.dtype=torch.bfloat16)
[+   44.593] 	module.decoder.layers.0.mlp.experts.linear_fc2.weight1 (param.main_grad.dtype=torch.bfloat16)
[+   44.593] 	module.decoder.layers.0.mlp.experts.linear_fc2.weight0 (param.main_grad.dtype=torch.bfloat16)
[+   44.593] 	module.decoder.layers.0.mlp.experts.linear_fc1.weight5 (param.main_grad.dtype=torch.bfloat16)
[+   44.593] 	module.decoder.layers.0.mlp.experts.linear_fc1.weight4 (param.main_grad.dtype=torch.bfloat16)
[+   44.593] 	module.decoder.layers.0.mlp.experts.linear_fc1.weight3 (param.main_grad.dtype=torch.bfloat16)
[+   44.593] 	module.decoder.layers.0.mlp.experts.linear_fc1.weight2 (param.main_grad.dtype=torch.bfloat16)
[+   44.593] 	module.decoder.layers.0.mlp.experts.linear_fc1.weight1 (param.main_grad.dtype=torch.bfloat16)
[+   44.593] 	module.decoder.layers.0.mlp.experts.linear_fc1.weight0 (param.main_grad.dtype=torch.bfloat16)
[+   44.593] INFO:megatron.core.distributed.param_and_grad_buffer:Using reduce-scatter for gradient reductions because self.ddp_config.use_distributed_optimizer=True
[+   44.593] INFO:megatron.core.distributed.param_and_grad_buffer:Using reduce-scatter for gradient reductions because self.ddp_config.use_distributed_optimizer=True
[+   44.614] INFO:megatron.core.distributed.distributed_data_parallel:Setting up DistributedDataParallel with config DistributedDataParallelConfig(grad_reduce_in_fp32=False, overlap_grad_reduce=True, overlap_param_gather=True, align_param_gather=True, use_distributed_optimizer=True, num_distributed_optimizer_instances=1, check_for_nan_in_grad=False, check_for_large_grads=False, bucket_size=134217728, num_buckets=None, pad_buckets_for_high_nccl_busbw=False, reduce_scatter_with_fp32_accumulation=False, param_name_patterns_for_fp32_local_accumulation=(), average_in_collective=True, fp8_param_gather=True, fp4_param_gather=False, reuse_grad_buf_for_mxfp8_param_ag=True, use_megatron_fsdp=False, use_custom_fsdp=False, data_parallel_sharding_strategy='optim_grads_params', gradient_reduce_div_fusion=True, suggested_communication_unit_size=None, keep_fp8_transpose_cache=False, nccl_ub=False, fsdp_double_buffer=False, fsdp_db_use_persist_buf_on_alloc_fail=False, fsdp_all_gather_in_start_param_sync=True, outer_dp_sharding_strategy='no_shard', disable_symmetric_registration=False, fsdp_manual_registration=False, delay_wgrad_compute=True, megatron_fsdp_main_params_dtype=torch.float32, megatron_fsdp_main_grads_dtype=None, megatron_fsdp_grad_comm_dtype=None, megatron_fsdp_use_decoupled_grad=False, megatron_fsdp_cuda_graph_mode=False, megatron_fsdp_enable_fine_grained_param_gather=False)
[+   44.634] INFO:megatron.core.distributed.param_and_grad_buffer:Number of buckets for gradient all-reduce / reduce-scatter: 1
[+   44.634] Params for bucket 1 (471859200 elements, 471859200 padded size, 0 param(s) with extra main_grads):
[+   44.634] 	module.decoder.layers.4.mlp.shared_experts.linear_fc2.weight (param.main_grad.dtype=torch.bfloat16)
[+   44.634] 	module.decoder.layers.4.mlp.shared_experts.linear_fc1.weight (param.main_grad.dtype=torch.bfloat16)
[+   44.634] 	module.decoder.layers.4.self_attention.linear_qkv.weight (param.main_grad.dtype=torch.bfloat16)
[+   44.634] 	module.decoder.layers.4.self_attention.linear_proj.weight (param.main_grad.dtype=torch.bfloat16)
[+   44.634] 	module.decoder.layers.3.mlp.shared_experts.linear_fc2.weight (param.main_grad.dtype=torch.bfloat16)
[+   44.634] 	module.decoder.layers.3.mlp.shared_experts.linear_fc1.weight (param.main_grad.dtype=torch.bfloat16)
[+   44.634] 	module.decoder.layers.3.self_attention.linear_qkv.weight (param.main_grad.dtype=torch.bfloat16)
[+   44.634] 	module.decoder.layers.3.self_attention.linear_proj.weight (param.main_grad.dtype=torch.bfloat16)
[+   44.634] 	module.decoder.layers.2.mlp.shared_experts.linear_fc2.weight (param.main_grad.dtype=torch.bfloat16)
[+   44.634] 	module.decoder.layers.2.mlp.shared_experts.linear_fc1.weight (param.main_grad.dtype=torch.bfloat16)
[+   44.634] 	module.decoder.layers.2.self_attention.linear_qkv.weight (param.main_grad.dtype=torch.bfloat16)
[+   44.634] 	module.decoder.layers.2.self_attention.linear_proj.weight (param.main_grad.dtype=torch.bfloat16)
[+   44.634] 	module.decoder.layers.1.mlp.shared_experts.linear_fc2.weight (param.main_grad.dtype=torch.bfloat16)
[+   44.634] 	module.decoder.layers.1.mlp.shared_experts.linear_fc1.weight (param.main_grad.dtype=torch.bfloat16)
[+   44.634] 	module.decoder.layers.1.self_attention.linear_qkv.weight (param.main_grad.dtype=torch.bfloat16)
[+   44.634] 	module.decoder.layers.1.self_attention.linear_proj.weight (param.main_grad.dtype=torch.bfloat16)
[+   44.634] 	module.decoder.layers.0.mlp.shared_experts.linear_fc2.weight (param.main_grad.dtype=torch.bfloat16)
[+   44.634] 	module.decoder.layers.0.mlp.shared_experts.linear_fc1.weight (param.main_grad.dtype=torch.bfloat16)
[+   44.634] 	module.decoder.layers.0.self_attention.linear_qkv.weight (param.main_grad.dtype=torch.bfloat16)
[+   44.634] 	module.decoder.layers.0.self_attention.linear_proj.weight (param.main_grad.dtype=torch.bfloat16)
[+   44.636] INFO:megatron.core.distributed.param_and_grad_buffer:Number of buckets for gradient all-reduce / reduce-scatter: 1
[+   44.636] Params for bucket 1 (3974400 elements, 3974400 padded size, 0 param(s) with extra main_grads):
[+   44.636] 	module.decoder.layers.4.mlp.router.weight (param.main_grad.dtype=torch.bfloat16)
[+   44.636] 	module.decoder.layers.4.pre_mlp_layernorm.weight (param.main_grad.dtype=torch.bfloat16)
[+   44.636] 	module.decoder.layers.4.self_attention.k_layernorm.weight (param.main_grad.dtype=torch.bfloat16)
[+   44.636] 	module.decoder.layers.4.self_attention.q_layernorm.weight (param.main_grad.dtype=torch.bfloat16)
[+   44.636] 	module.decoder.layers.4.self_attention.linear_qkv.layer_norm_weight (param.main_grad.dtype=torch.bfloat16)
[+   44.636] 	module.decoder.layers.3.mlp.router.weight (param.main_grad.dtype=torch.bfloat16)
[+   44.636] 	module.decoder.layers.3.pre_mlp_layernorm.weight (param.main_grad.dtype=torch.bfloat16)
[+   44.636] 	module.decoder.layers.3.self_attention.k_layernorm.weight (param.main_grad.dtype=torch.bfloat16)
[+   44.636] 	module.decoder.layers.3.self_attention.q_layernorm.weight (param.main_grad.dtype=torch.bfloat16)
[+   44.636] 	module.decoder.layers.3.self_attention.linear_qkv.layer_norm_weight (param.main_grad.dtype=torch.bfloat16)
[+   44.636] 	module.decoder.layers.2.mlp.router.weight (param.main_grad.dtype=torch.bfloat16)
[+   44.636] 	module.decoder.layers.2.pre_mlp_layernorm.weight (param.main_grad.dtype=torch.bfloat16)
[+   44.636] 	module.decoder.layers.2.self_attention.k_layernorm.weight (param.main_grad.dtype=torch.bfloat16)
[+   44.636] 	module.decoder.layers.2.self_attention.q_layernorm.weight (param.main_grad.dtype=torch.bfloat16)
[+   44.636] 	module.decoder.layers.2.self_attention.linear_qkv.layer_norm_weight (param.main_grad.dtype=torch.bfloat16)
[+   44.636] 	module.decoder.layers.1.mlp.router.weight (param.main_grad.dtype=torch.bfloat16)
[+   44.636] 	module.decoder.layers.1.pre_mlp_layernorm.weight (param.main_grad.dtype=torch.bfloat16)
[+   44.636] 	module.decoder.layers.1.self_attention.k_layernorm.weight (param.main_grad.dtype=torch.bfloat16)
[+   44.636] 	module.decoder.layers.1.self_attention.q_layernorm.weight (param.main_grad.dtype=torch.bfloat16)
[+   44.636] 	module.decoder.layers.1.self_attention.linear_qkv.layer_norm_weight (param.main_grad.dtype=torch.bfloat16)
[+   44.636] 	module.decoder.layers.0.mlp.router.weight (param.main_grad.dtype=torch.bfloat16)
[+   44.636] 	module.decoder.layers.0.pre_mlp_layernorm.weight (param.main_grad.dtype=torch.bfloat16)
[+   44.636] 	module.decoder.layers.0.self_attention.k_layernorm.weight (param.main_grad.dtype=torch.bfloat16)
[+   44.636] 	module.decoder.layers.0.self_attention.q_layernorm.weight (param.main_grad.dtype=torch.bfloat16)
[+   44.636] 	module.decoder.layers.0.self_attention.linear_qkv.layer_norm_weight (param.main_grad.dtype=torch.bfloat16)
[+   44.653] INFO:megatron.core.distributed.param_and_grad_buffer:Number of buckets for gradient all-reduce / reduce-scatter: 1
[+   44.653] Params for bucket 1 (566231040 elements, 566231040 padded size, 0 param(s) with extra main_grads):
[+   44.653] 	module.decoder.layers.4.mlp.experts.linear_fc2.weight5 (param.main_grad.dtype=torch.bfloat16)
[+   44.653] 	module.decoder.layers.4.mlp.experts.linear_fc2.weight4 (param.main_grad.dtype=torch.bfloat16)
[+   44.653] 	module.decoder.layers.4.mlp.experts.linear_fc2.weight3 (param.main_grad.dtype=torch.bfloat16)
[+   44.653] 	module.decoder.layers.4.mlp.experts.linear_fc2.weight2 (param.main_grad.dtype=torch.bfloat16)
[+   44.653] 	module.decoder.layers.4.mlp.experts.linear_fc2.weight1 (param.main_grad.dtype=torch.bfloat16)
[+   44.653] 	module.decoder.layers.4.mlp.experts.linear_fc2.weight0 (param.main_grad.dtype=torch.bfloat16)
[+   44.653] 	module.decoder.layers.4.mlp.experts.linear_fc1.weight5 (param.main_grad.dtype=torch.bfloat16)
[+   44.653] 	module.decoder.layers.4.mlp.experts.linear_fc1.weight4 (param.main_grad.dtype=torch.bfloat16)
[+   44.653] 	module.decoder.layers.4.mlp.experts.linear_fc1.weight3 (param.main_grad.dtype=torch.bfloat16)
[+   44.653] 	module.decoder.layers.4.mlp.experts.linear_fc1.weight2 (param.main_grad.dtype=torch.bfloat16)
[+   44.653] 	module.decoder.layers.4.mlp.experts.linear_fc1.weight1 (param.main_grad.dtype=torch.bfloat16)
[+   44.653] 	module.decoder.layers.4.mlp.experts.linear_fc1.weight0 (param.main_grad.dtype=torch.bfloat16)
[+   44.653] 	module.decoder.layers.3.mlp.experts.linear_fc2.weight5 (param.main_grad.dtype=torch.bfloat16)
[+   44.653] 	module.decoder.layers.3.mlp.experts.linear_fc2.weight4 (param.main_grad.dtype=torch.bfloat16)
[+   44.653] 	module.decoder.layers.3.mlp.experts.linear_fc2.weight3 (param.main_grad.dtype=torch.bfloat16)
[+   44.653] 	module.decoder.layers.3.mlp.experts.linear_fc2.weight2 (param.main_grad.dtype=torch.bfloat16)
[+   44.653] 	module.decoder.layers.3.mlp.experts.linear_fc2.weight1 (param.main_grad.dtype=torch.bfloat16)
[+   44.653] 	module.decoder.layers.3.mlp.experts.linear_fc2.weight0 (param.main_grad.dtype=torch.bfloat16)
[+   44.653] 	module.decoder.layers.3.mlp.experts.linear_fc1.weight5 (param.main_grad.dtype=torch.bfloat16)
[+   44.653] 	module.decoder.layers.3.mlp.experts.linear_fc1.weight4 (param.main_grad.dtype=torch.bfloat16)
[+   44.653] 	module.decoder.layers.3.mlp.experts.linear_fc1.weight3 (param.main_grad.dtype=torch.bfloat16)
[+   44.653] 	module.decoder.layers.3.mlp.experts.linear_fc1.weight2 (param.main_grad.dtype=torch.bfloat16)
[+   44.653] 	module.decoder.layers.3.mlp.experts.linear_fc1.weight1 (param.main_grad.dtype=torch.bfloat16)
[+   44.653] 	module.decoder.layers.3.mlp.experts.linear_fc1.weight0 (param.main_grad.dtype=torch.bfloat16)
[+   44.653] 	module.decoder.layers.2.mlp.experts.linear_fc2.weight5 (param.main_grad.dtype=torch.bfloat16)
[+   44.653] 	module.decoder.layers.2.mlp.experts.linear_fc2.weight4 (param.main_grad.dtype=torch.bfloat16)
[+   44.653] 	module.decoder.layers.2.mlp.experts.linear_fc2.weight3 (param.main_grad.dtype=torch.bfloat16)
[+   44.653] 	module.decoder.layers.2.mlp.experts.linear_fc2.weight2 (param.main_grad.dtype=torch.bfloat16)
[+   44.653] 	module.decoder.layers.2.mlp.experts.linear_fc2.weight1 (param.main_grad.dtype=torch.bfloat16)
[+   44.653] 	module.decoder.layers.2.mlp.experts.linear_fc2.weight0 (param.main_grad.dtype=torch.bfloat16)
[+   44.653] 	module.decoder.layers.2.mlp.experts.linear_fc1.weight5 (param.main_grad.dtype=torch.bfloat16)
[+   44.653] 	module.decoder.layers.2.mlp.experts.linear_fc1.weight4 (param.main_grad.dtype=torch.bfloat16)
[+   44.653] 	module.decoder.layers.2.mlp.experts.linear_fc1.weight3 (param.main_grad.dtype=torch.bfloat16)
[+   44.653] 	module.decoder.layers.2.mlp.experts.linear_fc1.weight2 (param.main_grad.dtype=torch.bfloat16)
[+   44.653] 	module.decoder.layers.2.mlp.experts.linear_fc1.weight1 (param.main_grad.dtype=torch.bfloat16)
[+   44.653] 	module.decoder.layers.2.mlp.experts.linear_fc1.weight0 (param.main_grad.dtype=torch.bfloat16)
[+   44.653] 	module.decoder.layers.1.mlp.experts.linear_fc2.weight5 (param.main_grad.dtype=torch.bfloat16)
[+   44.653] 	module.decoder.layers.1.mlp.experts.linear_fc2.weight4 (param.main_grad.dtype=torch.bfloat16)
[+   44.653] 	module.decoder.layers.1.mlp.experts.linear_fc2.weight3 (param.main_grad.dtype=torch.bfloat16)
[+   44.653] 	module.decoder.layers.1.mlp.experts.linear_fc2.weight2 (param.main_grad.dtype=torch.bfloat16)
[+   44.653] 	module.decoder.layers.1.mlp.experts.linear_fc2.weight1 (param.main_grad.dtype=torch.bfloat16)
[+   44.653] 	module.decoder.layers.1.mlp.experts.linear_fc2.weight0 (param.main_grad.dtype=torch.bfloat16)
[+   44.653] 	module.decoder.layers.1.mlp.experts.linear_fc1.weight5 (param.main_grad.dtype=torch.bfloat16)
[+   44.653] 	module.decoder.layers.1.mlp.experts.linear_fc1.weight4 (param.main_grad.dtype=torch.bfloat16)
[+   44.653] 	module.decoder.layers.1.mlp.experts.linear_fc1.weight3 (param.main_grad.dtype=torch.bfloat16)
[+   44.653] 	module.decoder.layers.1.mlp.experts.linear_fc1.weight2 (param.main_grad.dtype=torch.bfloat16)
[+   44.653] 	module.decoder.layers.1.mlp.experts.linear_fc1.weight1 (param.main_grad.dtype=torch.bfloat16)
[+   44.653] 	module.decoder.layers.1.mlp.experts.linear_fc1.weight0 (param.main_grad.dtype=torch.bfloat16)
[+   44.653] 	module.decoder.layers.0.mlp.experts.linear_fc2.weight5 (param.main_grad.dtype=torch.bfloat16)
[+   44.653] 	module.decoder.layers.0.mlp.experts.linear_fc2.weight4 (param.main_grad.dtype=torch.bfloat16)
[+   44.653] 	module.decoder.layers.0.mlp.experts.linear_fc2.weight3 (param.main_grad.dtype=torch.bfloat16)
[+   44.653] 	module.decoder.layers.0.mlp.experts.linear_fc2.weight2 (param.main_grad.dtype=torch.bfloat16)
[+   44.653] 	module.decoder.layers.0.mlp.experts.linear_fc2.weight1 (param.main_grad.dtype=torch.bfloat16)
[+   44.653] 	module.decoder.layers.0.mlp.experts.linear_fc2.weight0 (param.main_grad.dtype=torch.bfloat16)
[+   44.653] 	module.decoder.layers.0.mlp.experts.linear_fc1.weight5 (param.main_grad.dtype=torch.bfloat16)
[+   44.653] 	module.decoder.layers.0.mlp.experts.linear_fc1.weight4 (param.main_grad.dtype=torch.bfloat16)
[+   44.653] 	module.decoder.layers.0.mlp.experts.linear_fc1.weight3 (param.main_grad.dtype=torch.bfloat16)
[+   44.653] 	module.decoder.layers.0.mlp.experts.linear_fc1.weight2 (param.main_grad.dtype=torch.bfloat16)
[+   44.653] 	module.decoder.layers.0.mlp.experts.linear_fc1.weight1 (param.main_grad.dtype=torch.bfloat16)
[+   44.653] 	module.decoder.layers.0.mlp.experts.linear_fc1.weight0 (param.main_grad.dtype=torch.bfloat16)
[+   44.653] INFO:megatron.core.distributed.param_and_grad_buffer:Using reduce-scatter for gradient reductions because self.ddp_config.use_distributed_optimizer=True
[+   44.653] INFO:megatron.core.distributed.param_and_grad_buffer:Using reduce-scatter for gradient reductions because self.ddp_config.use_distributed_optimizer=True
[+   44.675] INFO:megatron.core.distributed.distributed_data_parallel:Setting up DistributedDataParallel with config DistributedDataParallelConfig(grad_reduce_in_fp32=False, overlap_grad_reduce=True, overlap_param_gather=True, align_param_gather=True, use_distributed_optimizer=True, num_distributed_optimizer_instances=1, check_for_nan_in_grad=False, check_for_large_grads=False, bucket_size=134217728, num_buckets=None, pad_buckets_for_high_nccl_busbw=False, reduce_scatter_with_fp32_accumulation=False, param_name_patterns_for_fp32_local_accumulation=(), average_in_collective=True, fp8_param_gather=True, fp4_param_gather=False, reuse_grad_buf_for_mxfp8_param_ag=True, use_megatron_fsdp=False, use_custom_fsdp=False, data_parallel_sharding_strategy='optim_grads_params', gradient_reduce_div_fusion=True, suggested_communication_unit_size=None, keep_fp8_transpose_cache=False, nccl_ub=False, fsdp_double_buffer=False, fsdp_db_use_persist_buf_on_alloc_fail=False, fsdp_all_gather_in_start_param_sync=True, outer_dp_sharding_strategy='no_shard', disable_symmetric_registration=False, fsdp_manual_registration=False, delay_wgrad_compute=True, megatron_fsdp_main_params_dtype=torch.float32, megatron_fsdp_main_grads_dtype=None, megatron_fsdp_grad_comm_dtype=None, megatron_fsdp_use_decoupled_grad=False, megatron_fsdp_cuda_graph_mode=False, megatron_fsdp_enable_fine_grained_param_gather=False)
[+   44.690] INFO:megatron.core.distributed.param_and_grad_buffer:Number of buckets for gradient all-reduce / reduce-scatter: 1
[+   44.690] Params for bucket 1 (471859200 elements, 471859200 padded size, 0 param(s) with extra main_grads):
[+   44.690] 	module.decoder.layers.4.mlp.shared_experts.linear_fc2.weight (param.main_grad.dtype=torch.bfloat16)
[+   44.690] 	module.decoder.layers.4.mlp.shared_experts.linear_fc1.weight (param.main_grad.dtype=torch.bfloat16)
[+   44.690] 	module.decoder.layers.4.self_attention.linear_qkv.weight (param.main_grad.dtype=torch.bfloat16)
[+   44.690] 	module.decoder.layers.4.self_attention.linear_proj.weight (param.main_grad.dtype=torch.bfloat16)
[+   44.690] 	module.decoder.layers.3.mlp.shared_experts.linear_fc2.weight (param.main_grad.dtype=torch.bfloat16)
[+   44.690] 	module.decoder.layers.3.mlp.shared_experts.linear_fc1.weight (param.main_grad.dtype=torch.bfloat16)
[+   44.690] 	module.decoder.layers.3.self_attention.linear_qkv.weight (param.main_grad.dtype=torch.bfloat16)
[+   44.690] 	module.decoder.layers.3.self_attention.linear_proj.weight (param.main_grad.dtype=torch.bfloat16)
[+   44.690] 	module.decoder.layers.2.mlp.shared_experts.linear_fc2.weight (param.main_grad.dtype=torch.bfloat16)
[+   44.690] 	module.decoder.layers.2.mlp.shared_experts.linear_fc1.weight (param.main_grad.dtype=torch.bfloat16)
[+   44.690] 	module.decoder.layers.2.self_attention.linear_qkv.weight (param.main_grad.dtype=torch.bfloat16)
[+   44.690] 	module.decoder.layers.2.self_attention.linear_proj.weight (param.main_grad.dtype=torch.bfloat16)
[+   44.690] 	module.decoder.layers.1.mlp.shared_experts.linear_fc2.weight (param.main_grad.dtype=torch.bfloat16)
[+   44.690] 	module.decoder.layers.1.mlp.shared_experts.linear_fc1.weight (param.main_grad.dtype=torch.bfloat16)
[+   44.690] 	module.decoder.layers.1.self_attention.linear_qkv.weight (param.main_grad.dtype=torch.bfloat16)
[+   44.690] 	module.decoder.layers.1.self_attention.linear_proj.weight (param.main_grad.dtype=torch.bfloat16)
[+   44.690] 	module.decoder.layers.0.mlp.shared_experts.linear_fc2.weight (param.main_grad.dtype=torch.bfloat16)
[+   44.690] 	module.decoder.layers.0.mlp.shared_experts.linear_fc1.weight (param.main_grad.dtype=torch.bfloat16)
[+   44.690] 	module.decoder.layers.0.self_attention.linear_qkv.weight (param.main_grad.dtype=torch.bfloat16)
[+   44.690] 	module.decoder.layers.0.self_attention.linear_proj.weight (param.main_grad.dtype=torch.bfloat16)
[+   44.691] INFO:megatron.core.distributed.param_and_grad_buffer:Number of buckets for gradient all-reduce / reduce-scatter: 1
[+   44.691] Params for bucket 1 (3974400 elements, 3974400 padded size, 0 param(s) with extra main_grads):
[+   44.691] 	module.decoder.layers.4.mlp.router.weight (param.main_grad.dtype=torch.bfloat16)
[+   44.691] 	module.decoder.layers.4.pre_mlp_layernorm.weight (param.main_grad.dtype=torch.bfloat16)
[+   44.691] 	module.decoder.layers.4.self_attention.k_layernorm.weight (param.main_grad.dtype=torch.bfloat16)
[+   44.691] 	module.decoder.layers.4.self_attention.q_layernorm.weight (param.main_grad.dtype=torch.bfloat16)
[+   44.691] 	module.decoder.layers.4.self_attention.linear_qkv.layer_norm_weight (param.main_grad.dtype=torch.bfloat16)
[+   44.691] 	module.decoder.layers.3.mlp.router.weight (param.main_grad.dtype=torch.bfloat16)
[+   44.691] 	module.decoder.layers.3.pre_mlp_layernorm.weight (param.main_grad.dtype=torch.bfloat16)
[+   44.691] 	module.decoder.layers.3.self_attention.k_layernorm.weight (param.main_grad.dtype=torch.bfloat16)
[+   44.691] 	module.decoder.layers.3.self_attention.q_layernorm.weight (param.main_grad.dtype=torch.bfloat16)
[+   44.691] 	module.decoder.layers.3.self_attention.linear_qkv.layer_norm_weight (param.main_grad.dtype=torch.bfloat16)
[+   44.691] 	module.decoder.layers.2.mlp.router.weight (param.main_grad.dtype=torch.bfloat16)
[+   44.691] 	module.decoder.layers.2.pre_mlp_layernorm.weight (param.main_grad.dtype=torch.bfloat16)
[+   44.691] 	module.decoder.layers.2.self_attention.k_layernorm.weight (param.main_grad.dtype=torch.bfloat16)
[+   44.691] 	module.decoder.layers.2.self_attention.q_layernorm.weight (param.main_grad.dtype=torch.bfloat16)
[+   44.691] 	module.decoder.layers.2.self_attention.linear_qkv.layer_norm_weight (param.main_grad.dtype=torch.bfloat16)
[+   44.691] 	module.decoder.layers.1.mlp.router.weight (param.main_grad.dtype=torch.bfloat16)
[+   44.691] 	module.decoder.layers.1.pre_mlp_layernorm.weight (param.main_grad.dtype=torch.bfloat16)
[+   44.691] 	module.decoder.layers.1.self_attention.k_layernorm.weight (param.main_grad.dtype=torch.bfloat16)
[+   44.691] 	module.decoder.layers.1.self_attention.q_layernorm.weight (param.main_grad.dtype=torch.bfloat16)
[+   44.691] 	module.decoder.layers.1.self_attention.linear_qkv.layer_norm_weight (param.main_grad.dtype=torch.bfloat16)
[+   44.691] 	module.decoder.layers.0.mlp.router.weight (param.main_grad.dtype=torch.bfloat16)
[+   44.691] 	module.decoder.layers.0.pre_mlp_layernorm.weight (param.main_grad.dtype=torch.bfloat16)
[+   44.691] 	module.decoder.layers.0.self_attention.k_layernorm.weight (param.main_grad.dtype=torch.bfloat16)
[+   44.691] 	module.decoder.layers.0.self_attention.q_layernorm.weight (param.main_grad.dtype=torch.bfloat16)
[+   44.691] 	module.decoder.layers.0.self_attention.linear_qkv.layer_norm_weight (param.main_grad.dtype=torch.bfloat16)
[+   44.715] INFO:megatron.core.distributed.param_and_grad_buffer:Number of buckets for gradient all-reduce / reduce-scatter: 1
[+   44.715] Params for bucket 1 (566231040 elements, 566231040 padded size, 0 param(s) with extra main_grads):
[+   44.715] 	module.decoder.layers.4.mlp.experts.linear_fc2.weight5 (param.main_grad.dtype=torch.bfloat16)
[+   44.715] 	module.decoder.layers.4.mlp.experts.linear_fc2.weight4 (param.main_grad.dtype=torch.bfloat16)
[+   44.715] 	module.decoder.layers.4.mlp.experts.linear_fc2.weight3 (param.main_grad.dtype=torch.bfloat16)
[+   44.715] 	module.decoder.layers.4.mlp.experts.linear_fc2.weight2 (param.main_grad.dtype=torch.bfloat16)
[+   44.715] 	module.decoder.layers.4.mlp.experts.linear_fc2.weight1 (param.main_grad.dtype=torch.bfloat16)
[+   44.715] 	module.decoder.layers.4.mlp.experts.linear_fc2.weight0 (param.main_grad.dtype=torch.bfloat16)
[+   44.715] 	module.decoder.layers.4.mlp.experts.linear_fc1.weight5 (param.main_grad.dtype=torch.bfloat16)
[+   44.715] 	module.decoder.layers.4.mlp.experts.linear_fc1.weight4 (param.main_grad.dtype=torch.bfloat16)
[+   44.715] 	module.decoder.layers.4.mlp.experts.linear_fc1.weight3 (param.main_grad.dtype=torch.bfloat16)
[+   44.715] 	module.decoder.layers.4.mlp.experts.linear_fc1.weight2 (param.main_grad.dtype=torch.bfloat16)
[+   44.715] 	module.decoder.layers.4.mlp.experts.linear_fc1.weight1 (param.main_grad.dtype=torch.bfloat16)
[+   44.715] 	module.decoder.layers.4.mlp.experts.linear_fc1.weight0 (param.main_grad.dtype=torch.bfloat16)
[+   44.715] 	module.decoder.layers.3.mlp.experts.linear_fc2.weight5 (param.main_grad.dtype=torch.bfloat16)
[+   44.715] 	module.decoder.layers.3.mlp.experts.linear_fc2.weight4 (param.main_grad.dtype=torch.bfloat16)
[+   44.715] 	module.decoder.layers.3.mlp.experts.linear_fc2.weight3 (param.main_grad.dtype=torch.bfloat16)
[+   44.715] 	module.decoder.layers.3.mlp.experts.linear_fc2.weight2 (param.main_grad.dtype=torch.bfloat16)
[+   44.715] 	module.decoder.layers.3.mlp.experts.linear_fc2.weight1 (param.main_grad.dtype=torch.bfloat16)
[+   44.715] 	module.decoder.layers.3.mlp.experts.linear_fc2.weight0 (param.main_grad.dtype=torch.bfloat16)
[+   44.715] 	module.decoder.layers.3.mlp.experts.linear_fc1.weight5 (param.main_grad.dtype=torch.bfloat16)
[+   44.715] 	module.decoder.layers.3.mlp.experts.linear_fc1.weight4 (param.main_grad.dtype=torch.bfloat16)
[+   44.715] 	module.decoder.layers.3.mlp.experts.linear_fc1.weight3 (param.main_grad.dtype=torch.bfloat16)
[+   44.715] 	module.decoder.layers.3.mlp.experts.linear_fc1.weight2 (param.main_grad.dtype=torch.bfloat16)
[+   44.715] 	module.decoder.layers.3.mlp.experts.linear_fc1.weight1 (param.main_grad.dtype=torch.bfloat16)
[+   44.715] 	module.decoder.layers.3.mlp.experts.linear_fc1.weight0 (param.main_grad.dtype=torch.bfloat16)
[+   44.715] 	module.decoder.layers.2.mlp.experts.linear_fc2.weight5 (param.main_grad.dtype=torch.bfloat16)
[+   44.715] 	module.decoder.layers.2.mlp.experts.linear_fc2.weight4 (param.main_grad.dtype=torch.bfloat16)
[+   44.715] 	module.decoder.layers.2.mlp.experts.linear_fc2.weight3 (param.main_grad.dtype=torch.bfloat16)
[+   44.715] 	module.decoder.layers.2.mlp.experts.linear_fc2.weight2 (param.main_grad.dtype=torch.bfloat16)
[+   44.715] 	module.decoder.layers.2.mlp.experts.linear_fc2.weight1 (param.main_grad.dtype=torch.bfloat16)
[+   44.715] 	module.decoder.layers.2.mlp.experts.linear_fc2.weight0 (param.main_grad.dtype=torch.bfloat16)
[+   44.715] 	module.decoder.layers.2.mlp.experts.linear_fc1.weight5 (param.main_grad.dtype=torch.bfloat16)
[+   44.715] 	module.decoder.layers.2.mlp.experts.linear_fc1.weight4 (param.main_grad.dtype=torch.bfloat16)
[+   44.715] 	module.decoder.layers.2.mlp.experts.linear_fc1.weight3 (param.main_grad.dtype=torch.bfloat16)
[+   44.715] 	module.decoder.layers.2.mlp.experts.linear_fc1.weight2 (param.main_grad.dtype=torch.bfloat16)
[+   44.715] 	module.decoder.layers.2.mlp.experts.linear_fc1.weight1 (param.main_grad.dtype=torch.bfloat16)
[+   44.715] 	module.decoder.layers.2.mlp.experts.linear_fc1.weight0 (param.main_grad.dtype=torch.bfloat16)
[+   44.715] 	module.decoder.layers.1.mlp.experts.linear_fc2.weight5 (param.main_grad.dtype=torch.bfloat16)
[+   44.715] 	module.decoder.layers.1.mlp.experts.linear_fc2.weight4 (param.main_grad.dtype=torch.bfloat16)
[+   44.715] 	module.decoder.layers.1.mlp.experts.linear_fc2.weight3 (param.main_grad.dtype=torch.bfloat16)
[+   44.715] 	module.decoder.layers.1.mlp.experts.linear_fc2.weight2 (param.main_grad.dtype=torch.bfloat16)
[+   44.715] 	module.decoder.layers.1.mlp.experts.linear_fc2.weight1 (param.main_grad.dtype=torch.bfloat16)
[+   44.715] 	module.decoder.layers.1.mlp.experts.linear_fc2.weight0 (param.main_grad.dtype=torch.bfloat16)
[+   44.715] 	module.decoder.layers.1.mlp.experts.linear_fc1.weight5 (param.main_grad.dtype=torch.bfloat16)
[+   44.715] 	module.decoder.layers.1.mlp.experts.linear_fc1.weight4 (param.main_grad.dtype=torch.bfloat16)
[+   44.715] 	module.decoder.layers.1.mlp.experts.linear_fc1.weight3 (param.main_grad.dtype=torch.bfloat16)
[+   44.715] 	module.decoder.layers.1.mlp.experts.linear_fc1.weight2 (param.main_grad.dtype=torch.bfloat16)
[+   44.715] 	module.decoder.layers.1.mlp.experts.linear_fc1.weight1 (param.main_grad.dtype=torch.bfloat16)
[+   44.715] 	module.decoder.layers.1.mlp.experts.linear_fc1.weight0 (param.main_grad.dtype=torch.bfloat16)
[+   44.715] 	module.decoder.layers.0.mlp.experts.linear_fc2.weight5 (param.main_grad.dtype=torch.bfloat16)
[+   44.715] 	module.decoder.layers.0.mlp.experts.linear_fc2.weight4 (param.main_grad.dtype=torch.bfloat16)
[+   44.715] 	module.decoder.layers.0.mlp.experts.linear_fc2.weight3 (param.main_grad.dtype=torch.bfloat16)
[+   44.715] 	module.decoder.layers.0.mlp.experts.linear_fc2.weight2 (param.main_grad.dtype=torch.bfloat16)
[+   44.715] 	module.decoder.layers.0.mlp.experts.linear_fc2.weight1 (param.main_grad.dtype=torch.bfloat16)
[+   44.715] 	module.decoder.layers.0.mlp.experts.linear_fc2.weight0 (param.main_grad.dtype=torch.bfloat16)
[+   44.715] 	module.decoder.layers.0.mlp.experts.linear_fc1.weight5 (param.main_grad.dtype=torch.bfloat16)
[+   44.715] 	module.decoder.layers.0.mlp.experts.linear_fc1.weight4 (param.main_grad.dtype=torch.bfloat16)
[+   44.715] 	module.decoder.layers.0.mlp.experts.linear_fc1.weight3 (param.main_grad.dtype=torch.bfloat16)
[+   44.715] 	module.decoder.layers.0.mlp.experts.linear_fc1.weight2 (param.main_grad.dtype=torch.bfloat16)
[+   44.715] 	module.decoder.layers.0.mlp.experts.linear_fc1.weight1 (param.main_grad.dtype=torch.bfloat16)
[+   44.715] 	module.decoder.layers.0.mlp.experts.linear_fc1.weight0 (param.main_grad.dtype=torch.bfloat16)
[+   44.715] INFO:megatron.core.distributed.param_and_grad_buffer:Using reduce-scatter for gradient reductions because self.ddp_config.use_distributed_optimizer=True
[+   44.715] INFO:megatron.core.distributed.param_and_grad_buffer:Using reduce-scatter for gradient reductions because self.ddp_config.use_distributed_optimizer=True
[+   44.737] INFO:megatron.core.distributed.distributed_data_parallel:Setting up DistributedDataParallel with config DistributedDataParallelConfig(grad_reduce_in_fp32=False, overlap_grad_reduce=True, overlap_param_gather=True, align_param_gather=True, use_distributed_optimizer=True, num_distributed_optimizer_instances=1, check_for_nan_in_grad=False, check_for_large_grads=False, bucket_size=134217728, num_buckets=None, pad_buckets_for_high_nccl_busbw=False, reduce_scatter_with_fp32_accumulation=False, param_name_patterns_for_fp32_local_accumulation=(), average_in_collective=True, fp8_param_gather=True, fp4_param_gather=False, reuse_grad_buf_for_mxfp8_param_ag=True, use_megatron_fsdp=False, use_custom_fsdp=False, data_parallel_sharding_strategy='optim_grads_params', gradient_reduce_div_fusion=True, suggested_communication_unit_size=None, keep_fp8_transpose_cache=False, nccl_ub=False, fsdp_double_buffer=False, fsdp_db_use_persist_buf_on_alloc_fail=False, fsdp_all_gather_in_start_param_sync=True, outer_dp_sharding_strategy='no_shard', disable_symmetric_registration=False, fsdp_manual_registration=False, delay_wgrad_compute=True, megatron_fsdp_main_params_dtype=torch.float32, megatron_fsdp_main_grads_dtype=None, megatron_fsdp_grad_comm_dtype=None, megatron_fsdp_use_decoupled_grad=False, megatron_fsdp_cuda_graph_mode=False, megatron_fsdp_enable_fine_grained_param_gather=False)
[+   44.757] INFO:megatron.core.distributed.param_and_grad_buffer:Number of buckets for gradient all-reduce / reduce-scatter: 1
[+   44.757] Params for bucket 1 (471859200 elements, 471859200 padded size, 0 param(s) with extra main_grads):
[+   44.757] 	module.decoder.layers.4.mlp.shared_experts.linear_fc2.weight (param.main_grad.dtype=torch.bfloat16)
[+   44.757] 	module.decoder.layers.4.mlp.shared_experts.linear_fc1.weight (param.main_grad.dtype=torch.bfloat16)
[+   44.757] 	module.decoder.layers.4.self_attention.linear_qkv.weight (param.main_grad.dtype=torch.bfloat16)
[+   44.757] 	module.decoder.layers.4.self_attention.linear_proj.weight (param.main_grad.dtype=torch.bfloat16)
[+   44.757] 	module.decoder.layers.3.mlp.shared_experts.linear_fc2.weight (param.main_grad.dtype=torch.bfloat16)
[+   44.757] 	module.decoder.layers.3.mlp.shared_experts.linear_fc1.weight (param.main_grad.dtype=torch.bfloat16)
[+   44.757] 	module.decoder.layers.3.self_attention.linear_qkv.weight (param.main_grad.dtype=torch.bfloat16)
[+   44.757] 	module.decoder.layers.3.self_attention.linear_proj.weight (param.main_grad.dtype=torch.bfloat16)
[+   44.757] 	module.decoder.layers.2.mlp.shared_experts.linear_fc2.weight (param.main_grad.dtype=torch.bfloat16)
[+   44.757] 	module.decoder.layers.2.mlp.shared_experts.linear_fc1.weight (param.main_grad.dtype=torch.bfloat16)
[+   44.757] 	module.decoder.layers.2.self_attention.linear_qkv.weight (param.main_grad.dtype=torch.bfloat16)
[+   44.757] 	module.decoder.layers.2.self_attention.linear_proj.weight (param.main_grad.dtype=torch.bfloat16)
[+   44.757] 	module.decoder.layers.1.mlp.shared_experts.linear_fc2.weight (param.main_grad.dtype=torch.bfloat16)
[+   44.757] 	module.decoder.layers.1.mlp.shared_experts.linear_fc1.weight (param.main_grad.dtype=torch.bfloat16)
[+   44.757] 	module.decoder.layers.1.self_attention.linear_qkv.weight (param.main_grad.dtype=torch.bfloat16)
[+   44.757] 	module.decoder.layers.1.self_attention.linear_proj.weight (param.main_grad.dtype=torch.bfloat16)
[+   44.757] 	module.decoder.layers.0.mlp.shared_experts.linear_fc2.weight (param.main_grad.dtype=torch.bfloat16)
[+   44.757] 	module.decoder.layers.0.mlp.shared_experts.linear_fc1.weight (param.main_grad.dtype=torch.bfloat16)
[+   44.757] 	module.decoder.layers.0.self_attention.linear_qkv.weight (param.main_grad.dtype=torch.bfloat16)
[+   44.757] 	module.decoder.layers.0.self_attention.linear_proj.weight (param.main_grad.dtype=torch.bfloat16)
[+   44.758] INFO:megatron.core.distributed.param_and_grad_buffer:Number of buckets for gradient all-reduce / reduce-scatter: 1
[+   44.758] Params for bucket 1 (3974400 elements, 3974400 padded size, 0 param(s) with extra main_grads):
[+   44.758] 	module.decoder.layers.4.mlp.router.weight (param.main_grad.dtype=torch.bfloat16)
[+   44.758] 	module.decoder.layers.4.pre_mlp_layernorm.weight (param.main_grad.dtype=torch.bfloat16)
[+   44.758] 	module.decoder.layers.4.self_attention.k_layernorm.weight (param.main_grad.dtype=torch.bfloat16)
[+   44.758] 	module.decoder.layers.4.self_attention.q_layernorm.weight (param.main_grad.dtype=torch.bfloat16)
[+   44.758] 	module.decoder.layers.4.self_attention.linear_qkv.layer_norm_weight (param.main_grad.dtype=torch.bfloat16)
[+   44.758] 	module.decoder.layers.3.mlp.router.weight (param.main_grad.dtype=torch.bfloat16)
[+   44.758] 	module.decoder.layers.3.pre_mlp_layernorm.weight (param.main_grad.dtype=torch.bfloat16)
[+   44.758] 	module.decoder.layers.3.self_attention.k_layernorm.weight (param.main_grad.dtype=torch.bfloat16)
[+   44.758] 	module.decoder.layers.3.self_attention.q_layernorm.weight (param.main_grad.dtype=torch.bfloat16)
[+   44.758] 	module.decoder.layers.3.self_attention.linear_qkv.layer_norm_weight (param.main_grad.dtype=torch.bfloat16)
[+   44.758] 	module.decoder.layers.2.mlp.router.weight (param.main_grad.dtype=torch.bfloat16)
[+   44.758] 	module.decoder.layers.2.pre_mlp_layernorm.weight (param.main_grad.dtype=torch.bfloat16)
[+   44.758] 	module.decoder.layers.2.self_attention.k_layernorm.weight (param.main_grad.dtype=torch.bfloat16)
[+   44.758] 	module.decoder.layers.2.self_attention.q_layernorm.weight (param.main_grad.dtype=torch.bfloat16)
[+   44.758] 	module.decoder.layers.2.self_attention.linear_qkv.layer_norm_weight (param.main_grad.dtype=torch.bfloat16)
[+   44.758] 	module.decoder.layers.1.mlp.router.weight (param.main_grad.dtype=torch.bfloat16)
[+   44.758] 	module.decoder.layers.1.pre_mlp_layernorm.weight (param.main_grad.dtype=torch.bfloat16)
[+   44.758] 	module.decoder.layers.1.self_attention.k_layernorm.weight (param.main_grad.dtype=torch.bfloat16)
[+   44.758] 	module.decoder.layers.1.self_attention.q_layernorm.weight (param.main_grad.dtype=torch.bfloat16)
[+   44.758] 	module.decoder.layers.1.self_attention.linear_qkv.layer_norm_weight (param.main_grad.dtype=torch.bfloat16)
[+   44.758] 	module.decoder.layers.0.mlp.router.weight (param.main_grad.dtype=torch.bfloat16)
[+   44.758] 	module.decoder.layers.0.pre_mlp_layernorm.weight (param.main_grad.dtype=torch.bfloat16)
[+   44.758] 	module.decoder.layers.0.self_attention.k_layernorm.weight (param.main_grad.dtype=torch.bfloat16)
[+   44.758] 	module.decoder.layers.0.self_attention.q_layernorm.weight (param.main_grad.dtype=torch.bfloat16)
[+   44.758] 	module.decoder.layers.0.self_attention.linear_qkv.layer_norm_weight (param.main_grad.dtype=torch.bfloat16)
[+   44.782] INFO:megatron.core.distributed.param_and_grad_buffer:Number of buckets for gradient all-reduce / reduce-scatter: 1
[+   44.782] Params for bucket 1 (566231040 elements, 566231040 padded size, 0 param(s) with extra main_grads):
[+   44.782] 	module.decoder.layers.4.mlp.experts.linear_fc2.weight5 (param.main_grad.dtype=torch.bfloat16)
[+   44.782] 	module.decoder.layers.4.mlp.experts.linear_fc2.weight4 (param.main_grad.dtype=torch.bfloat16)
[+   44.782] 	module.decoder.layers.4.mlp.experts.linear_fc2.weight3 (param.main_grad.dtype=torch.bfloat16)
[+   44.782] 	module.decoder.layers.4.mlp.experts.linear_fc2.weight2 (param.main_grad.dtype=torch.bfloat16)
[+   44.782] 	module.decoder.layers.4.mlp.experts.linear_fc2.weight1 (param.main_grad.dtype=torch.bfloat16)
[+   44.782] 	module.decoder.layers.4.mlp.experts.linear_fc2.weight0 (param.main_grad.dtype=torch.bfloat16)
[+   44.782] 	module.decoder.layers.4.mlp.experts.linear_fc1.weight5 (param.main_grad.dtype=torch.bfloat16)
[+   44.782] 	module.decoder.layers.4.mlp.experts.linear_fc1.weight4 (param.main_grad.dtype=torch.bfloat16)
[+   44.782] 	module.decoder.layers.4.mlp.experts.linear_fc1.weight3 (param.main_grad.dtype=torch.bfloat16)
[+   44.782] 	module.decoder.layers.4.mlp.experts.linear_fc1.weight2 (param.main_grad.dtype=torch.bfloat16)
[+   44.782] 	module.decoder.layers.4.mlp.experts.linear_fc1.weight1 (param.main_grad.dtype=torch.bfloat16)
[+   44.782] 	module.decoder.layers.4.mlp.experts.linear_fc1.weight0 (param.main_grad.dtype=torch.bfloat16)
[+   44.782] 	module.decoder.layers.3.mlp.experts.linear_fc2.weight5 (param.main_grad.dtype=torch.bfloat16)
[+   44.782] 	module.decoder.layers.3.mlp.experts.linear_fc2.weight4 (param.main_grad.dtype=torch.bfloat16)
[+   44.782] 	module.decoder.layers.3.mlp.experts.linear_fc2.weight3 (param.main_grad.dtype=torch.bfloat16)
[+   44.782] 	module.decoder.layers.3.mlp.experts.linear_fc2.weight2 (param.main_grad.dtype=torch.bfloat16)
[+   44.782] 	module.decoder.layers.3.mlp.experts.linear_fc2.weight1 (param.main_grad.dtype=torch.bfloat16)
[+   44.782] 	module.decoder.layers.3.mlp.experts.linear_fc2.weight0 (param.main_grad.dtype=torch.bfloat16)
[+   44.782] 	module.decoder.layers.3.mlp.experts.linear_fc1.weight5 (param.main_grad.dtype=torch.bfloat16)
[+   44.782] 	module.decoder.layers.3.mlp.experts.linear_fc1.weight4 (param.main_grad.dtype=torch.bfloat16)
[+   44.782] 	module.decoder.layers.3.mlp.experts.linear_fc1.weight3 (param.main_grad.dtype=torch.bfloat16)
[+   44.782] 	module.decoder.layers.3.mlp.experts.linear_fc1.weight2 (param.main_grad.dtype=torch.bfloat16)
[+   44.782] 	module.decoder.layers.3.mlp.experts.linear_fc1.weight1 (param.main_grad.dtype=torch.bfloat16)
[+   44.782] 	module.decoder.layers.3.mlp.experts.linear_fc1.weight0 (param.main_grad.dtype=torch.bfloat16)
[+   44.782] 	module.decoder.layers.2.mlp.experts.linear_fc2.weight5 (param.main_grad.dtype=torch.bfloat16)
[+   44.782] 	module.decoder.layers.2.mlp.experts.linear_fc2.weight4 (param.main_grad.dtype=torch.bfloat16)
[+   44.782] 	module.decoder.layers.2.mlp.experts.linear_fc2.weight3 (param.main_grad.dtype=torch.bfloat16)
[+   44.782] 	module.decoder.layers.2.mlp.experts.linear_fc2.weight2 (param.main_grad.dtype=torch.bfloat16)
[+   44.782] 	module.decoder.layers.2.mlp.experts.linear_fc2.weight1 (param.main_grad.dtype=torch.bfloat16)
[+   44.782] 	module.decoder.layers.2.mlp.experts.linear_fc2.weight0 (param.main_grad.dtype=torch.bfloat16)
[+   44.782] 	module.decoder.layers.2.mlp.experts.linear_fc1.weight5 (param.main_grad.dtype=torch.bfloat16)
[+   44.782] 	module.decoder.layers.2.mlp.experts.linear_fc1.weight4 (param.main_grad.dtype=torch.bfloat16)
[+   44.782] 	module.decoder.layers.2.mlp.experts.linear_fc1.weight3 (param.main_grad.dtype=torch.bfloat16)
[+   44.782] 	module.decoder.layers.2.mlp.experts.linear_fc1.weight2 (param.main_grad.dtype=torch.bfloat16)
[+   44.782] 	module.decoder.layers.2.mlp.experts.linear_fc1.weight1 (param.main_grad.dtype=torch.bfloat16)
[+   44.782] 	module.decoder.layers.2.mlp.experts.linear_fc1.weight0 (param.main_grad.dtype=torch.bfloat16)
[+   44.782] 	module.decoder.layers.1.mlp.experts.linear_fc2.weight5 (param.main_grad.dtype=torch.bfloat16)
[+   44.782] 	module.decoder.layers.1.mlp.experts.linear_fc2.weight4 (param.main_grad.dtype=torch.bfloat16)
[+   44.782] 	module.decoder.layers.1.mlp.experts.linear_fc2.weight3 (param.main_grad.dtype=torch.bfloat16)
[+   44.782] 	module.decoder.layers.1.mlp.experts.linear_fc2.weight2 (param.main_grad.dtype=torch.bfloat16)
[+   44.782] 	module.decoder.layers.1.mlp.experts.linear_fc2.weight1 (param.main_grad.dtype=torch.bfloat16)
[+   44.782] 	module.decoder.layers.1.mlp.experts.linear_fc2.weight0 (param.main_grad.dtype=torch.bfloat16)
[+   44.782] 	module.decoder.layers.1.mlp.experts.linear_fc1.weight5 (param.main_grad.dtype=torch.bfloat16)
[+   44.782] 	module.decoder.layers.1.mlp.experts.linear_fc1.weight4 (param.main_grad.dtype=torch.bfloat16)
[+   44.782] 	module.decoder.layers.1.mlp.experts.linear_fc1.weight3 (param.main_grad.dtype=torch.bfloat16)
[+   44.782] 	module.decoder.layers.1.mlp.experts.linear_fc1.weight2 (param.main_grad.dtype=torch.bfloat16)
[+   44.782] 	module.decoder.layers.1.mlp.experts.linear_fc1.weight1 (param.main_grad.dtype=torch.bfloat16)
[+   44.782] 	module.decoder.layers.1.mlp.experts.linear_fc1.weight0 (param.main_grad.dtype=torch.bfloat16)
[+   44.782] 	module.decoder.layers.0.mlp.experts.linear_fc2.weight5 (param.main_grad.dtype=torch.bfloat16)
[+   44.782] 	module.decoder.layers.0.mlp.experts.linear_fc2.weight4 (param.main_grad.dtype=torch.bfloat16)
[+   44.782] 	module.decoder.layers.0.mlp.experts.linear_fc2.weight3 (param.main_grad.dtype=torch.bfloat16)
[+   44.782] 	module.decoder.layers.0.mlp.experts.linear_fc2.weight2 (param.main_grad.dtype=torch.bfloat16)
[+   44.782] 	module.decoder.layers.0.mlp.experts.linear_fc2.weight1 (param.main_grad.dtype=torch.bfloat16)
[+   44.782] 	module.decoder.layers.0.mlp.experts.linear_fc2.weight0 (param.main_grad.dtype=torch.bfloat16)
[+   44.782] 	module.decoder.layers.0.mlp.experts.linear_fc1.weight5 (param.main_grad.dtype=torch.bfloat16)
[+   44.782] 	module.decoder.layers.0.mlp.experts.linear_fc1.weight4 (param.main_grad.dtype=torch.bfloat16)
[+   44.782] 	module.decoder.layers.0.mlp.experts.linear_fc1.weight3 (param.main_grad.dtype=torch.bfloat16)
[+   44.782] 	module.decoder.layers.0.mlp.experts.linear_fc1.weight2 (param.main_grad.dtype=torch.bfloat16)
[+   44.782] 	module.decoder.layers.0.mlp.experts.linear_fc1.weight1 (param.main_grad.dtype=torch.bfloat16)
[+   44.782] 	module.decoder.layers.0.mlp.experts.linear_fc1.weight0 (param.main_grad.dtype=torch.bfloat16)
[+   44.782] INFO:megatron.core.distributed.param_and_grad_buffer:Using reduce-scatter for gradient reductions because self.ddp_config.use_distributed_optimizer=True
[+   44.782] INFO:megatron.core.distributed.param_and_grad_buffer:Using reduce-scatter for gradient reductions because self.ddp_config.use_distributed_optimizer=True
[+   44.803] INFO:megatron.core.distributed.distributed_data_parallel:Setting up DistributedDataParallel with config DistributedDataParallelConfig(grad_reduce_in_fp32=False, overlap_grad_reduce=True, overlap_param_gather=True, align_param_gather=True, use_distributed_optimizer=True, num_distributed_optimizer_instances=1, check_for_nan_in_grad=False, check_for_large_grads=False, bucket_size=134217728, num_buckets=None, pad_buckets_for_high_nccl_busbw=False, reduce_scatter_with_fp32_accumulation=False, param_name_patterns_for_fp32_local_accumulation=(), average_in_collective=True, fp8_param_gather=True, fp4_param_gather=False, reuse_grad_buf_for_mxfp8_param_ag=True, use_megatron_fsdp=False, use_custom_fsdp=False, data_parallel_sharding_strategy='optim_grads_params', gradient_reduce_div_fusion=True, suggested_communication_unit_size=None, keep_fp8_transpose_cache=False, nccl_ub=False, fsdp_double_buffer=False, fsdp_db_use_persist_buf_on_alloc_fail=False, fsdp_all_gather_in_start_param_sync=True, outer_dp_sharding_strategy='no_shard', disable_symmetric_registration=False, fsdp_manual_registration=False, delay_wgrad_compute=True, megatron_fsdp_main_params_dtype=torch.float32, megatron_fsdp_main_grads_dtype=None, megatron_fsdp_grad_comm_dtype=None, megatron_fsdp_use_decoupled_grad=False, megatron_fsdp_cuda_graph_mode=False, megatron_fsdp_enable_fine_grained_param_gather=False)
[+   44.809] INFO:megatron.core.distributed.param_and_grad_buffer:Number of buckets for gradient all-reduce / reduce-scatter: 1
[+   44.809] Params for bucket 1 (471859200 elements, 471859200 padded size, 0 param(s) with extra main_grads):
[+   44.809] 	module.decoder.layers.4.mlp.shared_experts.linear_fc2.weight (param.main_grad.dtype=torch.bfloat16)
[+   44.809] 	module.decoder.layers.4.mlp.shared_experts.linear_fc1.weight (param.main_grad.dtype=torch.bfloat16)
[+   44.809] 	module.decoder.layers.4.self_attention.linear_qkv.weight (param.main_grad.dtype=torch.bfloat16)
[+   44.809] 	module.decoder.layers.4.self_attention.linear_proj.weight (param.main_grad.dtype=torch.bfloat16)
[+   44.809] 	module.decoder.layers.3.mlp.shared_experts.linear_fc2.weight (param.main_grad.dtype=torch.bfloat16)
[+   44.809] 	module.decoder.layers.3.mlp.shared_experts.linear_fc1.weight (param.main_grad.dtype=torch.bfloat16)
[+   44.809] 	module.decoder.layers.3.self_attention.linear_qkv.weight (param.main_grad.dtype=torch.bfloat16)
[+   44.809] 	module.decoder.layers.3.self_attention.linear_proj.weight (param.main_grad.dtype=torch.bfloat16)
[+   44.809] 	module.decoder.layers.2.mlp.shared_experts.linear_fc2.weight (param.main_grad.dtype=torch.bfloat16)
[+   44.809] 	module.decoder.layers.2.mlp.shared_experts.linear_fc1.weight (param.main_grad.dtype=torch.bfloat16)
[+   44.809] 	module.decoder.layers.2.self_attention.linear_qkv.weight (param.main_grad.dtype=torch.bfloat16)
[+   44.809] 	module.decoder.layers.2.self_attention.linear_proj.weight (param.main_grad.dtype=torch.bfloat16)
[+   44.809] 	module.decoder.layers.1.mlp.shared_experts.linear_fc2.weight (param.main_grad.dtype=torch.bfloat16)
[+   44.809] 	module.decoder.layers.1.mlp.shared_experts.linear_fc1.weight (param.main_grad.dtype=torch.bfloat16)
[+   44.809] 	module.decoder.layers.1.self_attention.linear_qkv.weight (param.main_grad.dtype=torch.bfloat16)
[+   44.809] 	module.decoder.layers.1.self_attention.linear_proj.weight (param.main_grad.dtype=torch.bfloat16)
[+   44.809] 	module.decoder.layers.0.mlp.shared_experts.linear_fc2.weight (param.main_grad.dtype=torch.bfloat16)
[+   44.809] 	module.decoder.layers.0.mlp.shared_experts.linear_fc1.weight (param.main_grad.dtype=torch.bfloat16)
[+   44.809] 	module.decoder.layers.0.self_attention.linear_qkv.weight (param.main_grad.dtype=torch.bfloat16)
[+   44.809] 	module.decoder.layers.0.self_attention.linear_proj.weight (param.main_grad.dtype=torch.bfloat16)
[+   44.810] INFO:megatron.core.distributed.param_and_grad_buffer:Number of buckets for gradient all-reduce / reduce-scatter: 1
[+   44.810] Params for bucket 1 (3974400 elements, 3974400 padded size, 0 param(s) with extra main_grads):
[+   44.810] 	module.decoder.layers.4.mlp.router.weight (param.main_grad.dtype=torch.bfloat16)
[+   44.810] 	module.decoder.layers.4.pre_mlp_layernorm.weight (param.main_grad.dtype=torch.bfloat16)
[+   44.810] 	module.decoder.layers.4.self_attention.k_layernorm.weight (param.main_grad.dtype=torch.bfloat16)
[+   44.810] 	module.decoder.layers.4.self_attention.q_layernorm.weight (param.main_grad.dtype=torch.bfloat16)
[+   44.810] 	module.decoder.layers.4.self_attention.linear_qkv.layer_norm_weight (param.main_grad.dtype=torch.bfloat16)
[+   44.810] 	module.decoder.layers.3.mlp.router.weight (param.main_grad.dtype=torch.bfloat16)
[+   44.810] 	module.decoder.layers.3.pre_mlp_layernorm.weight (param.main_grad.dtype=torch.bfloat16)
[+   44.810] 	module.decoder.layers.3.self_attention.k_layernorm.weight (param.main_grad.dtype=torch.bfloat16)
[+   44.810] 	module.decoder.layers.3.self_attention.q_layernorm.weight (param.main_grad.dtype=torch.bfloat16)
[+   44.810] 	module.decoder.layers.3.self_attention.linear_qkv.layer_norm_weight (param.main_grad.dtype=torch.bfloat16)
[+   44.810] 	module.decoder.layers.2.mlp.router.weight (param.main_grad.dtype=torch.bfloat16)
[+   44.810] 	module.decoder.layers.2.pre_mlp_layernorm.weight (param.main_grad.dtype=torch.bfloat16)
[+   44.810] 	module.decoder.layers.2.self_attention.k_layernorm.weight (param.main_grad.dtype=torch.bfloat16)
[+   44.810] 	module.decoder.layers.2.self_attention.q_layernorm.weight (param.main_grad.dtype=torch.bfloat16)
[+   44.810] 	module.decoder.layers.2.self_attention.linear_qkv.layer_norm_weight (param.main_grad.dtype=torch.bfloat16)
[+   44.810] 	module.decoder.layers.1.mlp.router.weight (param.main_grad.dtype=torch.bfloat16)
[+   44.810] 	module.decoder.layers.1.pre_mlp_layernorm.weight (param.main_grad.dtype=torch.bfloat16)
[+   44.810] 	module.decoder.layers.1.self_attention.k_layernorm.weight (param.main_grad.dtype=torch.bfloat16)
[+   44.810] 	module.decoder.layers.1.self_attention.q_layernorm.weight (param.main_grad.dtype=torch.bfloat16)
[+   44.810] 	module.decoder.layers.1.self_attention.linear_qkv.layer_norm_weight (param.main_grad.dtype=torch.bfloat16)
[+   44.810] 	module.decoder.layers.0.mlp.router.weight (param.main_grad.dtype=torch.bfloat16)
[+   44.810] 	module.decoder.layers.0.pre_mlp_layernorm.weight (param.main_grad.dtype=torch.bfloat16)
[+   44.810] 	module.decoder.layers.0.self_attention.k_layernorm.weight (param.main_grad.dtype=torch.bfloat16)
[+   44.810] 	module.decoder.layers.0.self_attention.q_layernorm.weight (param.main_grad.dtype=torch.bfloat16)
[+   44.810] 	module.decoder.layers.0.self_attention.linear_qkv.layer_norm_weight (param.main_grad.dtype=torch.bfloat16)
[+   44.818] INFO:megatron.core.distributed.param_and_grad_buffer:Number of buckets for gradient all-reduce / reduce-scatter: 1
[+   44.818] Params for bucket 1 (566231040 elements, 566231040 padded size, 0 param(s) with extra main_grads):
[+   44.818] 	module.decoder.layers.4.mlp.experts.linear_fc2.weight5 (param.main_grad.dtype=torch.bfloat16)
[+   44.818] 	module.decoder.layers.4.mlp.experts.linear_fc2.weight4 (param.main_grad.dtype=torch.bfloat16)
[+   44.818] 	module.decoder.layers.4.mlp.experts.linear_fc2.weight3 (param.main_grad.dtype=torch.bfloat16)
[+   44.818] 	module.decoder.layers.4.mlp.experts.linear_fc2.weight2 (param.main_grad.dtype=torch.bfloat16)
[+   44.818] 	module.decoder.layers.4.mlp.experts.linear_fc2.weight1 (param.main_grad.dtype=torch.bfloat16)
[+   44.818] 	module.decoder.layers.4.mlp.experts.linear_fc2.weight0 (param.main_grad.dtype=torch.bfloat16)
[+   44.818] 	module.decoder.layers.4.mlp.experts.linear_fc1.weight5 (param.main_grad.dtype=torch.bfloat16)
[+   44.818] 	module.decoder.layers.4.mlp.experts.linear_fc1.weight4 (param.main_grad.dtype=torch.bfloat16)
[+   44.818] 	module.decoder.layers.4.mlp.experts.linear_fc1.weight3 (param.main_grad.dtype=torch.bfloat16)
[+   44.818] 	module.decoder.layers.4.mlp.experts.linear_fc1.weight2 (param.main_grad.dtype=torch.bfloat16)
[+   44.818] 	module.decoder.layers.4.mlp.experts.linear_fc1.weight1 (param.main_grad.dtype=torch.bfloat16)
[+   44.818] 	module.decoder.layers.4.mlp.experts.linear_fc1.weight0 (param.main_grad.dtype=torch.bfloat16)
[+   44.818] 	module.decoder.layers.3.mlp.experts.linear_fc2.weight5 (param.main_grad.dtype=torch.bfloat16)
[+   44.818] 	module.decoder.layers.3.mlp.experts.linear_fc2.weight4 (param.main_grad.dtype=torch.bfloat16)
[+   44.818] 	module.decoder.layers.3.mlp.experts.linear_fc2.weight3 (param.main_grad.dtype=torch.bfloat16)
[+   44.818] 	module.decoder.layers.3.mlp.experts.linear_fc2.weight2 (param.main_grad.dtype=torch.bfloat16)
[+   44.818] 	module.decoder.layers.3.mlp.experts.linear_fc2.weight1 (param.main_grad.dtype=torch.bfloat16)
[+   44.818] 	module.decoder.layers.3.mlp.experts.linear_fc2.weight0 (param.main_grad.dtype=torch.bfloat16)
[+   44.818] 	module.decoder.layers.3.mlp.experts.linear_fc1.weight5 (param.main_grad.dtype=torch.bfloat16)
[+   44.818] 	module.decoder.layers.3.mlp.experts.linear_fc1.weight4 (param.main_grad.dtype=torch.bfloat16)
[+   44.818] 	module.decoder.layers.3.mlp.experts.linear_fc1.weight3 (param.main_grad.dtype=torch.bfloat16)
[+   44.818] 	module.decoder.layers.3.mlp.experts.linear_fc1.weight2 (param.main_grad.dtype=torch.bfloat16)
[+   44.818] 	module.decoder.layers.3.mlp.experts.linear_fc1.weight1 (param.main_grad.dtype=torch.bfloat16)
[+   44.818] 	module.decoder.layers.3.mlp.experts.linear_fc1.weight0 (param.main_grad.dtype=torch.bfloat16)
[+   44.818] 	module.decoder.layers.2.mlp.experts.linear_fc2.weight5 (param.main_grad.dtype=torch.bfloat16)
[+   44.818] 	module.decoder.layers.2.mlp.experts.linear_fc2.weight4 (param.main_grad.dtype=torch.bfloat16)
[+   44.818] 	module.decoder.layers.2.mlp.experts.linear_fc2.weight3 (param.main_grad.dtype=torch.bfloat16)
[+   44.818] 	module.decoder.layers.2.mlp.experts.linear_fc2.weight2 (param.main_grad.dtype=torch.bfloat16)
[+   44.818] 	module.decoder.layers.2.mlp.experts.linear_fc2.weight1 (param.main_grad.dtype=torch.bfloat16)
[+   44.818] 	module.decoder.layers.2.mlp.experts.linear_fc2.weight0 (param.main_grad.dtype=torch.bfloat16)
[+   44.818] 	module.decoder.layers.2.mlp.experts.linear_fc1.weight5 (param.main_grad.dtype=torch.bfloat16)
[+   44.818] 	module.decoder.layers.2.mlp.experts.linear_fc1.weight4 (param.main_grad.dtype=torch.bfloat16)
[+   44.818] 	module.decoder.layers.2.mlp.experts.linear_fc1.weight3 (param.main_grad.dtype=torch.bfloat16)
[+   44.818] 	module.decoder.layers.2.mlp.experts.linear_fc1.weight2 (param.main_grad.dtype=torch.bfloat16)
[+   44.818] 	module.decoder.layers.2.mlp.experts.linear_fc1.weight1 (param.main_grad.dtype=torch.bfloat16)
[+   44.818] 	module.decoder.layers.2.mlp.experts.linear_fc1.weight0 (param.main_grad.dtype=torch.bfloat16)
[+   44.818] 	module.decoder.layers.1.mlp.experts.linear_fc2.weight5 (param.main_grad.dtype=torch.bfloat16)
[+   44.818] 	module.decoder.layers.1.mlp.experts.linear_fc2.weight4 (param.main_grad.dtype=torch.bfloat16)
[+   44.818] 	module.decoder.layers.1.mlp.experts.linear_fc2.weight3 (param.main_grad.dtype=torch.bfloat16)
[+   44.818] 	module.decoder.layers.1.mlp.experts.linear_fc2.weight2 (param.main_grad.dtype=torch.bfloat16)
[+   44.818] 	module.decoder.layers.1.mlp.experts.linear_fc2.weight1 (param.main_grad.dtype=torch.bfloat16)
[+   44.818] 	module.decoder.layers.1.mlp.experts.linear_fc2.weight0 (param.main_grad.dtype=torch.bfloat16)
[+   44.818] 	module.decoder.layers.1.mlp.experts.linear_fc1.weight5 (param.main_grad.dtype=torch.bfloat16)
[+   44.818] 	module.decoder.layers.1.mlp.experts.linear_fc1.weight4 (param.main_grad.dtype=torch.bfloat16)
[+   44.818] 	module.decoder.layers.1.mlp.experts.linear_fc1.weight3 (param.main_grad.dtype=torch.bfloat16)
[+   44.818] 	module.decoder.layers.1.mlp.experts.linear_fc1.weight2 (param.main_grad.dtype=torch.bfloat16)
[+   44.818] 	module.decoder.layers.1.mlp.experts.linear_fc1.weight1 (param.main_grad.dtype=torch.bfloat16)
[+   44.818] 	module.decoder.layers.1.mlp.experts.linear_fc1.weight0 (param.main_grad.dtype=torch.bfloat16)
[+   44.818] 	module.decoder.layers.0.mlp.experts.linear_fc2.weight5 (param.main_grad.dtype=torch.bfloat16)
[+   44.818] 	module.decoder.layers.0.mlp.experts.linear_fc2.weight4 (param.main_grad.dtype=torch.bfloat16)
[+   44.818] 	module.decoder.layers.0.mlp.experts.linear_fc2.weight3 (param.main_grad.dtype=torch.bfloat16)
[+   44.818] 	module.decoder.layers.0.mlp.experts.linear_fc2.weight2 (param.main_grad.dtype=torch.bfloat16)
[+   44.818] 	module.decoder.layers.0.mlp.experts.linear_fc2.weight1 (param.main_grad.dtype=torch.bfloat16)
[+   44.818] 	module.decoder.layers.0.mlp.experts.linear_fc2.weight0 (param.main_grad.dtype=torch.bfloat16)
[+   44.818] 	module.decoder.layers.0.mlp.experts.linear_fc1.weight5 (param.main_grad.dtype=torch.bfloat16)
[+   44.818] 	module.decoder.layers.0.mlp.experts.linear_fc1.weight4 (param.main_grad.dtype=torch.bfloat16)
[+   44.818] 	module.decoder.layers.0.mlp.experts.linear_fc1.weight3 (param.main_grad.dtype=torch.bfloat16)
[+   44.818] 	module.decoder.layers.0.mlp.experts.linear_fc1.weight2 (param.main_grad.dtype=torch.bfloat16)
[+   44.818] 	module.decoder.layers.0.mlp.experts.linear_fc1.weight1 (param.main_grad.dtype=torch.bfloat16)
[+   44.818] 	module.decoder.layers.0.mlp.experts.linear_fc1.weight0 (param.main_grad.dtype=torch.bfloat16)
[+   44.818] INFO:megatron.core.distributed.param_and_grad_buffer:Using reduce-scatter for gradient reductions because self.ddp_config.use_distributed_optimizer=True
[+   44.818] INFO:megatron.core.distributed.param_and_grad_buffer:Using reduce-scatter for gradient reductions because self.ddp_config.use_distributed_optimizer=True
[+   44.840] INFO:megatron.core.distributed.distributed_data_parallel:Setting up DistributedDataParallel with config DistributedDataParallelConfig(grad_reduce_in_fp32=False, overlap_grad_reduce=True, overlap_param_gather=True, align_param_gather=True, use_distributed_optimizer=True, num_distributed_optimizer_instances=1, check_for_nan_in_grad=False, check_for_large_grads=False, bucket_size=134217728, num_buckets=None, pad_buckets_for_high_nccl_busbw=False, reduce_scatter_with_fp32_accumulation=False, param_name_patterns_for_fp32_local_accumulation=(), average_in_collective=True, fp8_param_gather=True, fp4_param_gather=False, reuse_grad_buf_for_mxfp8_param_ag=True, use_megatron_fsdp=False, use_custom_fsdp=False, data_parallel_sharding_strategy='optim_grads_params', gradient_reduce_div_fusion=True, suggested_communication_unit_size=None, keep_fp8_transpose_cache=False, nccl_ub=False, fsdp_double_buffer=False, fsdp_db_use_persist_buf_on_alloc_fail=False, fsdp_all_gather_in_start_param_sync=True, outer_dp_sharding_strategy='no_shard', disable_symmetric_registration=False, fsdp_manual_registration=False, delay_wgrad_compute=True, megatron_fsdp_main_params_dtype=torch.float32, megatron_fsdp_main_grads_dtype=None, megatron_fsdp_grad_comm_dtype=None, megatron_fsdp_use_decoupled_grad=False, megatron_fsdp_cuda_graph_mode=False, megatron_fsdp_enable_fine_grained_param_gather=False)
[+   44.846] INFO:megatron.core.distributed.param_and_grad_buffer:Number of buckets for gradient all-reduce / reduce-scatter: 1
[+   44.846] Params for bucket 1 (471859200 elements, 471859200 padded size, 0 param(s) with extra main_grads):
[+   44.846] 	module.decoder.layers.4.mlp.shared_experts.linear_fc2.weight (param.main_grad.dtype=torch.bfloat16)
[+   44.846] 	module.decoder.layers.4.mlp.shared_experts.linear_fc1.weight (param.main_grad.dtype=torch.bfloat16)
[+   44.846] 	module.decoder.layers.4.self_attention.linear_qkv.weight (param.main_grad.dtype=torch.bfloat16)
[+   44.846] 	module.decoder.layers.4.self_attention.linear_proj.weight (param.main_grad.dtype=torch.bfloat16)
[+   44.846] 	module.decoder.layers.3.mlp.shared_experts.linear_fc2.weight (param.main_grad.dtype=torch.bfloat16)
[+   44.846] 	module.decoder.layers.3.mlp.shared_experts.linear_fc1.weight (param.main_grad.dtype=torch.bfloat16)
[+   44.846] 	module.decoder.layers.3.self_attention.linear_qkv.weight (param.main_grad.dtype=torch.bfloat16)
[+   44.846] 	module.decoder.layers.3.self_attention.linear_proj.weight (param.main_grad.dtype=torch.bfloat16)
[+   44.846] 	module.decoder.layers.2.mlp.shared_experts.linear_fc2.weight (param.main_grad.dtype=torch.bfloat16)
[+   44.846] 	module.decoder.layers.2.mlp.shared_experts.linear_fc1.weight (param.main_grad.dtype=torch.bfloat16)
[+   44.846] 	module.decoder.layers.2.self_attention.linear_qkv.weight (param.main_grad.dtype=torch.bfloat16)
[+   44.846] 	module.decoder.layers.2.self_attention.linear_proj.weight (param.main_grad.dtype=torch.bfloat16)
[+   44.846] 	module.decoder.layers.1.mlp.shared_experts.linear_fc2.weight (param.main_grad.dtype=torch.bfloat16)
[+   44.846] 	module.decoder.layers.1.mlp.shared_experts.linear_fc1.weight (param.main_grad.dtype=torch.bfloat16)
[+   44.846] 	module.decoder.layers.1.self_attention.linear_qkv.weight (param.main_grad.dtype=torch.bfloat16)
[+   44.846] 	module.decoder.layers.1.self_attention.linear_proj.weight (param.main_grad.dtype=torch.bfloat16)
[+   44.846] 	module.decoder.layers.0.mlp.shared_experts.linear_fc2.weight (param.main_grad.dtype=torch.bfloat16)
[+   44.846] 	module.decoder.layers.0.mlp.shared_experts.linear_fc1.weight (param.main_grad.dtype=torch.bfloat16)
[+   44.846] 	module.decoder.layers.0.self_attention.linear_qkv.weight (param.main_grad.dtype=torch.bfloat16)
[+   44.846] 	module.decoder.layers.0.self_attention.linear_proj.weight (param.main_grad.dtype=torch.bfloat16)
[+   44.847] INFO:megatron.core.distributed.param_and_grad_buffer:Number of buckets for gradient all-reduce / reduce-scatter: 1
[+   44.847] Params for bucket 1 (3974400 elements, 3974400 padded size, 0 param(s) with extra main_grads):
[+   44.847] 	module.decoder.layers.4.mlp.router.weight (param.main_grad.dtype=torch.bfloat16)
[+   44.847] 	module.decoder.layers.4.pre_mlp_layernorm.weight (param.main_grad.dtype=torch.bfloat16)
[+   44.847] 	module.decoder.layers.4.self_attention.k_layernorm.weight (param.main_grad.dtype=torch.bfloat16)
[+   44.847] 	module.decoder.layers.4.self_attention.q_layernorm.weight (param.main_grad.dtype=torch.bfloat16)
[+   44.847] 	module.decoder.layers.4.self_attention.linear_qkv.layer_norm_weight (param.main_grad.dtype=torch.bfloat16)
[+   44.847] 	module.decoder.layers.3.mlp.router.weight (param.main_grad.dtype=torch.bfloat16)
[+   44.847] 	module.decoder.layers.3.pre_mlp_layernorm.weight (param.main_grad.dtype=torch.bfloat16)
[+   44.847] 	module.decoder.layers.3.self_attention.k_layernorm.weight (param.main_grad.dtype=torch.bfloat16)
[+   44.847] 	module.decoder.layers.3.self_attention.q_layernorm.weight (param.main_grad.dtype=torch.bfloat16)
[+   44.847] 	module.decoder.layers.3.self_attention.linear_qkv.layer_norm_weight (param.main_grad.dtype=torch.bfloat16)
[+   44.847] 	module.decoder.layers.2.mlp.router.weight (param.main_grad.dtype=torch.bfloat16)
[+   44.847] 	module.decoder.layers.2.pre_mlp_layernorm.weight (param.main_grad.dtype=torch.bfloat16)
[+   44.847] 	module.decoder.layers.2.self_attention.k_layernorm.weight (param.main_grad.dtype=torch.bfloat16)
[+   44.847] 	module.decoder.layers.2.self_attention.q_layernorm.weight (param.main_grad.dtype=torch.bfloat16)
[+   44.847] 	module.decoder.layers.2.self_attention.linear_qkv.layer_norm_weight (param.main_grad.dtype=torch.bfloat16)
[+   44.847] 	module.decoder.layers.1.mlp.router.weight (param.main_grad.dtype=torch.bfloat16)
[+   44.847] 	module.decoder.layers.1.pre_mlp_layernorm.weight (param.main_grad.dtype=torch.bfloat16)
[+   44.847] 	module.decoder.layers.1.self_attention.k_layernorm.weight (param.main_grad.dtype=torch.bfloat16)
[+   44.847] 	module.decoder.layers.1.self_attention.q_layernorm.weight (param.main_grad.dtype=torch.bfloat16)
[+   44.847] 	module.decoder.layers.1.self_attention.linear_qkv.layer_norm_weight (param.main_grad.dtype=torch.bfloat16)
[+   44.847] 	module.decoder.layers.0.mlp.router.weight (param.main_grad.dtype=torch.bfloat16)
[+   44.847] 	module.decoder.layers.0.pre_mlp_layernorm.weight (param.main_grad.dtype=torch.bfloat16)
[+   44.847] 	module.decoder.layers.0.self_attention.k_layernorm.weight (param.main_grad.dtype=torch.bfloat16)
[+   44.847] 	module.decoder.layers.0.self_attention.q_layernorm.weight (param.main_grad.dtype=torch.bfloat16)
[+   44.847] 	module.decoder.layers.0.self_attention.linear_qkv.layer_norm_weight (param.main_grad.dtype=torch.bfloat16)
[+   44.855] INFO:megatron.core.distributed.param_and_grad_buffer:Number of buckets for gradient all-reduce / reduce-scatter: 1
[+   44.855] Params for bucket 1 (566231040 elements, 566231040 padded size, 0 param(s) with extra main_grads):
[+   44.855] 	module.decoder.layers.4.mlp.experts.linear_fc2.weight5 (param.main_grad.dtype=torch.bfloat16)
[+   44.855] 	module.decoder.layers.4.mlp.experts.linear_fc2.weight4 (param.main_grad.dtype=torch.bfloat16)
[+   44.855] 	module.decoder.layers.4.mlp.experts.linear_fc2.weight3 (param.main_grad.dtype=torch.bfloat16)
[+   44.855] 	module.decoder.layers.4.mlp.experts.linear_fc2.weight2 (param.main_grad.dtype=torch.bfloat16)
[+   44.855] 	module.decoder.layers.4.mlp.experts.linear_fc2.weight1 (param.main_grad.dtype=torch.bfloat16)
[+   44.855] 	module.decoder.layers.4.mlp.experts.linear_fc2.weight0 (param.main_grad.dtype=torch.bfloat16)
[+   44.855] 	module.decoder.layers.4.mlp.experts.linear_fc1.weight5 (param.main_grad.dtype=torch.bfloat16)
[+   44.855] 	module.decoder.layers.4.mlp.experts.linear_fc1.weight4 (param.main_grad.dtype=torch.bfloat16)
[+   44.855] 	module.decoder.layers.4.mlp.experts.linear_fc1.weight3 (param.main_grad.dtype=torch.bfloat16)
[+   44.855] 	module.decoder.layers.4.mlp.experts.linear_fc1.weight2 (param.main_grad.dtype=torch.bfloat16)
[+   44.855] 	module.decoder.layers.4.mlp.experts.linear_fc1.weight1 (param.main_grad.dtype=torch.bfloat16)
[+   44.855] 	module.decoder.layers.4.mlp.experts.linear_fc1.weight0 (param.main_grad.dtype=torch.bfloat16)
[+   44.855] 	module.decoder.layers.3.mlp.experts.linear_fc2.weight5 (param.main_grad.dtype=torch.bfloat16)
[+   44.855] 	module.decoder.layers.3.mlp.experts.linear_fc2.weight4 (param.main_grad.dtype=torch.bfloat16)
[+   44.855] 	module.decoder.layers.3.mlp.experts.linear_fc2.weight3 (param.main_grad.dtype=torch.bfloat16)
[+   44.855] 	module.decoder.layers.3.mlp.experts.linear_fc2.weight2 (param.main_grad.dtype=torch.bfloat16)
[+   44.855] 	module.decoder.layers.3.mlp.experts.linear_fc2.weight1 (param.main_grad.dtype=torch.bfloat16)
[+   44.855] 	module.decoder.layers.3.mlp.experts.linear_fc2.weight0 (param.main_grad.dtype=torch.bfloat16)
[+   44.855] 	module.decoder.layers.3.mlp.experts.linear_fc1.weight5 (param.main_grad.dtype=torch.bfloat16)
[+   44.855] 	module.decoder.layers.3.mlp.experts.linear_fc1.weight4 (param.main_grad.dtype=torch.bfloat16)
[+   44.855] 	module.decoder.layers.3.mlp.experts.linear_fc1.weight3 (param.main_grad.dtype=torch.bfloat16)
[+   44.855] 	module.decoder.layers.3.mlp.experts.linear_fc1.weight2 (param.main_grad.dtype=torch.bfloat16)
[+   44.855] 	module.decoder.layers.3.mlp.experts.linear_fc1.weight1 (param.main_grad.dtype=torch.bfloat16)
[+   44.855] 	module.decoder.layers.3.mlp.experts.linear_fc1.weight0 (param.main_grad.dtype=torch.bfloat16)
[+   44.855] 	module.decoder.layers.2.mlp.experts.linear_fc2.weight5 (param.main_grad.dtype=torch.bfloat16)
[+   44.855] 	module.decoder.layers.2.mlp.experts.linear_fc2.weight4 (param.main_grad.dtype=torch.bfloat16)
[+   44.855] 	module.decoder.layers.2.mlp.experts.linear_fc2.weight3 (param.main_grad.dtype=torch.bfloat16)
[+   44.855] 	module.decoder.layers.2.mlp.experts.linear_fc2.weight2 (param.main_grad.dtype=torch.bfloat16)
[+   44.855] 	module.decoder.layers.2.mlp.experts.linear_fc2.weight1 (param.main_grad.dtype=torch.bfloat16)
[+   44.855] 	module.decoder.layers.2.mlp.experts.linear_fc2.weight0 (param.main_grad.dtype=torch.bfloat16)
[+   44.855] 	module.decoder.layers.2.mlp.experts.linear_fc1.weight5 (param.main_grad.dtype=torch.bfloat16)
[+   44.855] 	module.decoder.layers.2.mlp.experts.linear_fc1.weight4 (param.main_grad.dtype=torch.bfloat16)
[+   44.855] 	module.decoder.layers.2.mlp.experts.linear_fc1.weight3 (param.main_grad.dtype=torch.bfloat16)
[+   44.855] 	module.decoder.layers.2.mlp.experts.linear_fc1.weight2 (param.main_grad.dtype=torch.bfloat16)
[+   44.855] 	module.decoder.layers.2.mlp.experts.linear_fc1.weight1 (param.main_grad.dtype=torch.bfloat16)
[+   44.855] 	module.decoder.layers.2.mlp.experts.linear_fc1.weight0 (param.main_grad.dtype=torch.bfloat16)
[+   44.855] 	module.decoder.layers.1.mlp.experts.linear_fc2.weight5 (param.main_grad.dtype=torch.bfloat16)
[+   44.855] 	module.decoder.layers.1.mlp.experts.linear_fc2.weight4 (param.main_grad.dtype=torch.bfloat16)
[+   44.855] 	module.decoder.layers.1.mlp.experts.linear_fc2.weight3 (param.main_grad.dtype=torch.bfloat16)
[+   44.855] 	module.decoder.layers.1.mlp.experts.linear_fc2.weight2 (param.main_grad.dtype=torch.bfloat16)
[+   44.855] 	module.decoder.layers.1.mlp.experts.linear_fc2.weight1 (param.main_grad.dtype=torch.bfloat16)
[+   44.855] 	module.decoder.layers.1.mlp.experts.linear_fc2.weight0 (param.main_grad.dtype=torch.bfloat16)
[+   44.855] 	module.decoder.layers.1.mlp.experts.linear_fc1.weight5 (param.main_grad.dtype=torch.bfloat16)
[+   44.855] 	module.decoder.layers.1.mlp.experts.linear_fc1.weight4 (param.main_grad.dtype=torch.bfloat16)
[+   44.855] 	module.decoder.layers.1.mlp.experts.linear_fc1.weight3 (param.main_grad.dtype=torch.bfloat16)
[+   44.855] 	module.decoder.layers.1.mlp.experts.linear_fc1.weight2 (param.main_grad.dtype=torch.bfloat16)
[+   44.855] 	module.decoder.layers.1.mlp.experts.linear_fc1.weight1 (param.main_grad.dtype=torch.bfloat16)
[+   44.855] 	module.decoder.layers.1.mlp.experts.linear_fc1.weight0 (param.main_grad.dtype=torch.bfloat16)
[+   44.855] 	module.decoder.layers.0.mlp.experts.linear_fc2.weight5 (param.main_grad.dtype=torch.bfloat16)
[+   44.855] 	module.decoder.layers.0.mlp.experts.linear_fc2.weight4 (param.main_grad.dtype=torch.bfloat16)
[+   44.855] 	module.decoder.layers.0.mlp.experts.linear_fc2.weight3 (param.main_grad.dtype=torch.bfloat16)
[+   44.855] 	module.decoder.layers.0.mlp.experts.linear_fc2.weight2 (param.main_grad.dtype=torch.bfloat16)
[+   44.855] 	module.decoder.layers.0.mlp.experts.linear_fc2.weight1 (param.main_grad.dtype=torch.bfloat16)
[+   44.855] 	module.decoder.layers.0.mlp.experts.linear_fc2.weight0 (param.main_grad.dtype=torch.bfloat16)
[+   44.855] 	module.decoder.layers.0.mlp.experts.linear_fc1.weight5 (param.main_grad.dtype=torch.bfloat16)
[+   44.855] 	module.decoder.layers.0.mlp.experts.linear_fc1.weight4 (param.main_grad.dtype=torch.bfloat16)
[+   44.855] 	module.decoder.layers.0.mlp.experts.linear_fc1.weight3 (param.main_grad.dtype=torch.bfloat16)
[+   44.855] 	module.decoder.layers.0.mlp.experts.linear_fc1.weight2 (param.main_grad.dtype=torch.bfloat16)
[+   44.855] 	module.decoder.layers.0.mlp.experts.linear_fc1.weight1 (param.main_grad.dtype=torch.bfloat16)
[+   44.855] 	module.decoder.layers.0.mlp.experts.linear_fc1.weight0 (param.main_grad.dtype=torch.bfloat16)
[+   44.855] INFO:megatron.core.distributed.param_and_grad_buffer:Using reduce-scatter for gradient reductions because self.ddp_config.use_distributed_optimizer=True
[+   44.855] INFO:megatron.core.distributed.param_and_grad_buffer:Using reduce-scatter for gradient reductions because self.ddp_config.use_distributed_optimizer=True
[+   44.878] INFO:megatron.core.distributed.distributed_data_parallel:Setting up DistributedDataParallel with config DistributedDataParallelConfig(grad_reduce_in_fp32=False, overlap_grad_reduce=True, overlap_param_gather=True, align_param_gather=True, use_distributed_optimizer=True, num_distributed_optimizer_instances=1, check_for_nan_in_grad=False, check_for_large_grads=False, bucket_size=134217728, num_buckets=None, pad_buckets_for_high_nccl_busbw=False, reduce_scatter_with_fp32_accumulation=False, param_name_patterns_for_fp32_local_accumulation=(), average_in_collective=True, fp8_param_gather=True, fp4_param_gather=False, reuse_grad_buf_for_mxfp8_param_ag=True, use_megatron_fsdp=False, use_custom_fsdp=False, data_parallel_sharding_strategy='optim_grads_params', gradient_reduce_div_fusion=True, suggested_communication_unit_size=None, keep_fp8_transpose_cache=False, nccl_ub=False, fsdp_double_buffer=False, fsdp_db_use_persist_buf_on_alloc_fail=False, fsdp_all_gather_in_start_param_sync=True, outer_dp_sharding_strategy='no_shard', disable_symmetric_registration=False, fsdp_manual_registration=False, delay_wgrad_compute=True, megatron_fsdp_main_params_dtype=torch.float32, megatron_fsdp_main_grads_dtype=None, megatron_fsdp_grad_comm_dtype=None, megatron_fsdp_use_decoupled_grad=False, megatron_fsdp_cuda_graph_mode=False, megatron_fsdp_enable_fine_grained_param_gather=False)
[+   44.884] INFO:megatron.core.distributed.param_and_grad_buffer:Number of buckets for gradient all-reduce / reduce-scatter: 1
[+   44.884] Params for bucket 1 (471859200 elements, 471859200 padded size, 0 param(s) with extra main_grads):
[+   44.884] 	module.decoder.layers.4.mlp.shared_experts.linear_fc2.weight (param.main_grad.dtype=torch.bfloat16)
[+   44.884] 	module.decoder.layers.4.mlp.shared_experts.linear_fc1.weight (param.main_grad.dtype=torch.bfloat16)
[+   44.884] 	module.decoder.layers.4.self_attention.linear_qkv.weight (param.main_grad.dtype=torch.bfloat16)
[+   44.884] 	module.decoder.layers.4.self_attention.linear_proj.weight (param.main_grad.dtype=torch.bfloat16)
[+   44.884] 	module.decoder.layers.3.mlp.shared_experts.linear_fc2.weight (param.main_grad.dtype=torch.bfloat16)
[+   44.884] 	module.decoder.layers.3.mlp.shared_experts.linear_fc1.weight (param.main_grad.dtype=torch.bfloat16)
[+   44.884] 	module.decoder.layers.3.self_attention.linear_qkv.weight (param.main_grad.dtype=torch.bfloat16)
[+   44.884] 	module.decoder.layers.3.self_attention.linear_proj.weight (param.main_grad.dtype=torch.bfloat16)
[+   44.884] 	module.decoder.layers.2.mlp.shared_experts.linear_fc2.weight (param.main_grad.dtype=torch.bfloat16)
[+   44.884] 	module.decoder.layers.2.mlp.shared_experts.linear_fc1.weight (param.main_grad.dtype=torch.bfloat16)
[+   44.884] 	module.decoder.layers.2.self_attention.linear_qkv.weight (param.main_grad.dtype=torch.bfloat16)
[+   44.884] 	module.decoder.layers.2.self_attention.linear_proj.weight (param.main_grad.dtype=torch.bfloat16)
[+   44.884] 	module.decoder.layers.1.mlp.shared_experts.linear_fc2.weight (param.main_grad.dtype=torch.bfloat16)
[+   44.884] 	module.decoder.layers.1.mlp.shared_experts.linear_fc1.weight (param.main_grad.dtype=torch.bfloat16)
[+   44.884] 	module.decoder.layers.1.self_attention.linear_qkv.weight (param.main_grad.dtype=torch.bfloat16)
[+   44.884] 	module.decoder.layers.1.self_attention.linear_proj.weight (param.main_grad.dtype=torch.bfloat16)
[+   44.884] 	module.decoder.layers.0.mlp.shared_experts.linear_fc2.weight (param.main_grad.dtype=torch.bfloat16)
[+   44.884] 	module.decoder.layers.0.mlp.shared_experts.linear_fc1.weight (param.main_grad.dtype=torch.bfloat16)
[+   44.884] 	module.decoder.layers.0.self_attention.linear_qkv.weight (param.main_grad.dtype=torch.bfloat16)
[+   44.884] 	module.decoder.layers.0.self_attention.linear_proj.weight (param.main_grad.dtype=torch.bfloat16)
[+   44.885] INFO:megatron.core.distributed.param_and_grad_buffer:Number of buckets for gradient all-reduce / reduce-scatter: 1
[+   44.885] Params for bucket 1 (3974400 elements, 3974400 padded size, 0 param(s) with extra main_grads):
[+   44.885] 	module.decoder.layers.4.mlp.router.weight (param.main_grad.dtype=torch.bfloat16)
[+   44.885] 	module.decoder.layers.4.pre_mlp_layernorm.weight (param.main_grad.dtype=torch.bfloat16)
[+   44.885] 	module.decoder.layers.4.self_attention.k_layernorm.weight (param.main_grad.dtype=torch.bfloat16)
[+   44.885] 	module.decoder.layers.4.self_attention.q_layernorm.weight (param.main_grad.dtype=torch.bfloat16)
[+   44.885] 	module.decoder.layers.4.self_attention.linear_qkv.layer_norm_weight (param.main_grad.dtype=torch.bfloat16)
[+   44.885] 	module.decoder.layers.3.mlp.router.weight (param.main_grad.dtype=torch.bfloat16)
[+   44.885] 	module.decoder.layers.3.pre_mlp_layernorm.weight (param.main_grad.dtype=torch.bfloat16)
[+   44.885] 	module.decoder.layers.3.self_attention.k_layernorm.weight (param.main_grad.dtype=torch.bfloat16)
[+   44.885] 	module.decoder.layers.3.self_attention.q_layernorm.weight (param.main_grad.dtype=torch.bfloat16)
[+   44.885] 	module.decoder.layers.3.self_attention.linear_qkv.layer_norm_weight (param.main_grad.dtype=torch.bfloat16)
[+   44.885] 	module.decoder.layers.2.mlp.router.weight (param.main_grad.dtype=torch.bfloat16)
[+   44.885] 	module.decoder.layers.2.pre_mlp_layernorm.weight (param.main_grad.dtype=torch.bfloat16)
[+   44.885] 	module.decoder.layers.2.self_attention.k_layernorm.weight (param.main_grad.dtype=torch.bfloat16)
[+   44.885] 	module.decoder.layers.2.self_attention.q_layernorm.weight (param.main_grad.dtype=torch.bfloat16)
[+   44.885] 	module.decoder.layers.2.self_attention.linear_qkv.layer_norm_weight (param.main_grad.dtype=torch.bfloat16)
[+   44.885] 	module.decoder.layers.1.mlp.router.weight (param.main_grad.dtype=torch.bfloat16)
[+   44.885] 	module.decoder.layers.1.pre_mlp_layernorm.weight (param.main_grad.dtype=torch.bfloat16)
[+   44.885] 	module.decoder.layers.1.self_attention.k_layernorm.weight (param.main_grad.dtype=torch.bfloat16)
[+   44.885] 	module.decoder.layers.1.self_attention.q_layernorm.weight (param.main_grad.dtype=torch.bfloat16)
[+   44.885] 	module.decoder.layers.1.self_attention.linear_qkv.layer_norm_weight (param.main_grad.dtype=torch.bfloat16)
[+   44.885] 	module.decoder.layers.0.mlp.router.weight (param.main_grad.dtype=torch.bfloat16)
[+   44.885] 	module.decoder.layers.0.pre_mlp_layernorm.weight (param.main_grad.dtype=torch.bfloat16)
[+   44.885] 	module.decoder.layers.0.self_attention.k_layernorm.weight (param.main_grad.dtype=torch.bfloat16)
[+   44.885] 	module.decoder.layers.0.self_attention.q_layernorm.weight (param.main_grad.dtype=torch.bfloat16)
[+   44.885] 	module.decoder.layers.0.self_attention.linear_qkv.layer_norm_weight (param.main_grad.dtype=torch.bfloat16)
[+   44.894] INFO:megatron.core.distributed.param_and_grad_buffer:Number of buckets for gradient all-reduce / reduce-scatter: 1
[+   44.894] Params for bucket 1 (566231040 elements, 566231040 padded size, 0 param(s) with extra main_grads):
[+   44.894] 	module.decoder.layers.4.mlp.experts.linear_fc2.weight5 (param.main_grad.dtype=torch.bfloat16)
[+   44.894] 	module.decoder.layers.4.mlp.experts.linear_fc2.weight4 (param.main_grad.dtype=torch.bfloat16)
[+   44.894] 	module.decoder.layers.4.mlp.experts.linear_fc2.weight3 (param.main_grad.dtype=torch.bfloat16)
[+   44.894] 	module.decoder.layers.4.mlp.experts.linear_fc2.weight2 (param.main_grad.dtype=torch.bfloat16)
[+   44.894] 	module.decoder.layers.4.mlp.experts.linear_fc2.weight1 (param.main_grad.dtype=torch.bfloat16)
[+   44.894] 	module.decoder.layers.4.mlp.experts.linear_fc2.weight0 (param.main_grad.dtype=torch.bfloat16)
[+   44.894] 	module.decoder.layers.4.mlp.experts.linear_fc1.weight5 (param.main_grad.dtype=torch.bfloat16)
[+   44.894] 	module.decoder.layers.4.mlp.experts.linear_fc1.weight4 (param.main_grad.dtype=torch.bfloat16)
[+   44.894] 	module.decoder.layers.4.mlp.experts.linear_fc1.weight3 (param.main_grad.dtype=torch.bfloat16)
[+   44.894] 	module.decoder.layers.4.mlp.experts.linear_fc1.weight2 (param.main_grad.dtype=torch.bfloat16)
[+   44.894] 	module.decoder.layers.4.mlp.experts.linear_fc1.weight1 (param.main_grad.dtype=torch.bfloat16)
[+   44.894] 	module.decoder.layers.4.mlp.experts.linear_fc1.weight0 (param.main_grad.dtype=torch.bfloat16)
[+   44.894] 	module.decoder.layers.3.mlp.experts.linear_fc2.weight5 (param.main_grad.dtype=torch.bfloat16)
[+   44.894] 	module.decoder.layers.3.mlp.experts.linear_fc2.weight4 (param.main_grad.dtype=torch.bfloat16)
[+   44.894] 	module.decoder.layers.3.mlp.experts.linear_fc2.weight3 (param.main_grad.dtype=torch.bfloat16)
[+   44.894] 	module.decoder.layers.3.mlp.experts.linear_fc2.weight2 (param.main_grad.dtype=torch.bfloat16)
[+   44.894] 	module.decoder.layers.3.mlp.experts.linear_fc2.weight1 (param.main_grad.dtype=torch.bfloat16)
[+   44.894] 	module.decoder.layers.3.mlp.experts.linear_fc2.weight0 (param.main_grad.dtype=torch.bfloat16)
[+   44.894] 	module.decoder.layers.3.mlp.experts.linear_fc1.weight5 (param.main_grad.dtype=torch.bfloat16)
[+   44.894] 	module.decoder.layers.3.mlp.experts.linear_fc1.weight4 (param.main_grad.dtype=torch.bfloat16)
[+   44.894] 	module.decoder.layers.3.mlp.experts.linear_fc1.weight3 (param.main_grad.dtype=torch.bfloat16)
[+   44.894] 	module.decoder.layers.3.mlp.experts.linear_fc1.weight2 (param.main_grad.dtype=torch.bfloat16)
[+   44.894] 	module.decoder.layers.3.mlp.experts.linear_fc1.weight1 (param.main_grad.dtype=torch.bfloat16)
[+   44.894] 	module.decoder.layers.3.mlp.experts.linear_fc1.weight0 (param.main_grad.dtype=torch.bfloat16)
[+   44.894] 	module.decoder.layers.2.mlp.experts.linear_fc2.weight5 (param.main_grad.dtype=torch.bfloat16)
[+   44.894] 	module.decoder.layers.2.mlp.experts.linear_fc2.weight4 (param.main_grad.dtype=torch.bfloat16)
[+   44.894] 	module.decoder.layers.2.mlp.experts.linear_fc2.weight3 (param.main_grad.dtype=torch.bfloat16)
[+   44.894] 	module.decoder.layers.2.mlp.experts.linear_fc2.weight2 (param.main_grad.dtype=torch.bfloat16)
[+   44.894] 	module.decoder.layers.2.mlp.experts.linear_fc2.weight1 (param.main_grad.dtype=torch.bfloat16)
[+   44.894] 	module.decoder.layers.2.mlp.experts.linear_fc2.weight0 (param.main_grad.dtype=torch.bfloat16)
[+   44.894] 	module.decoder.layers.2.mlp.experts.linear_fc1.weight5 (param.main_grad.dtype=torch.bfloat16)
[+   44.894] 	module.decoder.layers.2.mlp.experts.linear_fc1.weight4 (param.main_grad.dtype=torch.bfloat16)
[+   44.894] 	module.decoder.layers.2.mlp.experts.linear_fc1.weight3 (param.main_grad.dtype=torch.bfloat16)
[+   44.894] 	module.decoder.layers.2.mlp.experts.linear_fc1.weight2 (param.main_grad.dtype=torch.bfloat16)
[+   44.894] 	module.decoder.layers.2.mlp.experts.linear_fc1.weight1 (param.main_grad.dtype=torch.bfloat16)
[+   44.894] 	module.decoder.layers.2.mlp.experts.linear_fc1.weight0 (param.main_grad.dtype=torch.bfloat16)
[+   44.894] 	module.decoder.layers.1.mlp.experts.linear_fc2.weight5 (param.main_grad.dtype=torch.bfloat16)
[+   44.894] 	module.decoder.layers.1.mlp.experts.linear_fc2.weight4 (param.main_grad.dtype=torch.bfloat16)
[+   44.894] 	module.decoder.layers.1.mlp.experts.linear_fc2.weight3 (param.main_grad.dtype=torch.bfloat16)
[+   44.894] 	module.decoder.layers.1.mlp.experts.linear_fc2.weight2 (param.main_grad.dtype=torch.bfloat16)
[+   44.894] 	module.decoder.layers.1.mlp.experts.linear_fc2.weight1 (param.main_grad.dtype=torch.bfloat16)
[+   44.894] 	module.decoder.layers.1.mlp.experts.linear_fc2.weight0 (param.main_grad.dtype=torch.bfloat16)
[+   44.894] 	module.decoder.layers.1.mlp.experts.linear_fc1.weight5 (param.main_grad.dtype=torch.bfloat16)
[+   44.894] 	module.decoder.layers.1.mlp.experts.linear_fc1.weight4 (param.main_grad.dtype=torch.bfloat16)
[+   44.894] 	module.decoder.layers.1.mlp.experts.linear_fc1.weight3 (param.main_grad.dtype=torch.bfloat16)
[+   44.894] 	module.decoder.layers.1.mlp.experts.linear_fc1.weight2 (param.main_grad.dtype=torch.bfloat16)
[+   44.894] 	module.decoder.layers.1.mlp.experts.linear_fc1.weight1 (param.main_grad.dtype=torch.bfloat16)
[+   44.894] 	module.decoder.layers.1.mlp.experts.linear_fc1.weight0 (param.main_grad.dtype=torch.bfloat16)
[+   44.894] 	module.decoder.layers.0.mlp.experts.linear_fc2.weight5 (param.main_grad.dtype=torch.bfloat16)
[+   44.894] 	module.decoder.layers.0.mlp.experts.linear_fc2.weight4 (param.main_grad.dtype=torch.bfloat16)
[+   44.894] 	module.decoder.layers.0.mlp.experts.linear_fc2.weight3 (param.main_grad.dtype=torch.bfloat16)
[+   44.894] 	module.decoder.layers.0.mlp.experts.linear_fc2.weight2 (param.main_grad.dtype=torch.bfloat16)
[+   44.894] 	module.decoder.layers.0.mlp.experts.linear_fc2.weight1 (param.main_grad.dtype=torch.bfloat16)
[+   44.894] 	module.decoder.layers.0.mlp.experts.linear_fc2.weight0 (param.main_grad.dtype=torch.bfloat16)
[+   44.894] 	module.decoder.layers.0.mlp.experts.linear_fc1.weight5 (param.main_grad.dtype=torch.bfloat16)
[+   44.894] 	module.decoder.layers.0.mlp.experts.linear_fc1.weight4 (param.main_grad.dtype=torch.bfloat16)
[+   44.894] 	module.decoder.layers.0.mlp.experts.linear_fc1.weight3 (param.main_grad.dtype=torch.bfloat16)
[+   44.894] 	module.decoder.layers.0.mlp.experts.linear_fc1.weight2 (param.main_grad.dtype=torch.bfloat16)
[+   44.894] 	module.decoder.layers.0.mlp.experts.linear_fc1.weight1 (param.main_grad.dtype=torch.bfloat16)
[+   44.894] 	module.decoder.layers.0.mlp.experts.linear_fc1.weight0 (param.main_grad.dtype=torch.bfloat16)
[+   44.894] INFO:megatron.core.distributed.param_and_grad_buffer:Using reduce-scatter for gradient reductions because self.ddp_config.use_distributed_optimizer=True
[+   44.894] INFO:megatron.core.distributed.param_and_grad_buffer:Using reduce-scatter for gradient reductions because self.ddp_config.use_distributed_optimizer=True
[+   44.915] INFO:megatron.core.optimizer:Setting up optimizer with config OptimizerConfig(lr=0.0003, min_lr=3e-05, decoupled_lr=None, decoupled_min_lr=None, weight_decay=0.1, apply_wd_to_qk_layernorm=False, fp8_recipe='mxfp8', fp16=False, bf16=True, reuse_grad_buf_for_mxfp8_param_ag=True, params_dtype=torch.bfloat16, use_precision_aware_optimizer=False, store_param_remainders=True, main_grads_dtype=torch.float32, main_params_dtype=torch.float32, exp_avg_dtype=torch.float32, exp_avg_sq_dtype=torch.float32, optimizer='adam', loss_scale=None, initial_loss_scale=4294967296, min_loss_scale=1.0, loss_scale_window=1000, hysteresis=2, adam_beta1=0.9, adam_beta2=0.95, adam_eps=1e-08, decoupled_weight_decay=True, sgd_momentum=0.9, muon_momentum=0.95, muon_split_qkv=True, muon_nesterov=False, muon_scale_mode='spectral', muon_fp32_matmul_prec='medium', muon_coefficient_type='quintic', muon_num_ns_steps=5, muon_tp_mode='blockwise', muon_extra_scale_factor=1.0, muon_scalar_optimizer='adam', lion_beta1=0.95, lion_beta2=0.98, soap_shampoo_beta=0.95, soap_precondition_frequency=1, soap_use_kl_shampoo=True, adaptive_muon_moment2_method='adamuon', adaptive_muon_beta2=0.95, adaptive_muon_eps=1e-08, use_distributed_optimizer=True, use_layer_wise_distributed_optimizer=False, overlap_param_gather=True, overlap_param_gather_with_optimizer_step=False, optimizer_cpu_offload=False, optimizer_offload_fraction=0.0, use_torch_optimizer_for_cpu_offload=False, overlap_cpu_optimizer_d2h_h2d=False, pin_cpu_grads=True, pin_cpu_params=True, clip_grad=1.0, grad_norm_skip_threshold=inf, log_num_zeros_in_grad=False, barrier_with_L1_time=False, timers=<megatron.core.timers.Timers object at 0xffdc03965d60>, config_logger_dir='', optimizer_cuda_graph=False)
[+   45.227] INFO:megatron.core.distributed.param_and_grad_buffer:Using reduce-scatter for gradient reductions because self.ddp_config.use_distributed_optimizer=True
[+   45.227] INFO:megatron.core.distributed.param_and_grad_buffer:Using reduce-scatter for gradient reductions because self.ddp_config.use_distributed_optimizer=True
[+   45.227] INFO:megatron.core.distributed.param_and_grad_buffer:Using reduce-scatter for gradient reductions because self.ddp_config.use_distributed_optimizer=True
[+   45.227] INFO:megatron.core.distributed.param_and_grad_buffer:Using reduce-scatter for gradient reductions because self.ddp_config.use_distributed_optimizer=True
[+   45.227] INFO:megatron.core.distributed.param_and_grad_buffer:Using reduce-scatter for gradient reductions because self.ddp_config.use_distributed_optimizer=True
[+   45.227] INFO:megatron.core.distributed.param_and_grad_buffer:Using reduce-scatter for gradient reductions because self.ddp_config.use_distributed_optimizer=True
[+   45.227] INFO:megatron.core.distributed.param_and_grad_buffer:Using reduce-scatter for gradient reductions because self.ddp_config.use_distributed_optimizer=True
[+   45.227] INFO:megatron.core.distributed.param_and_grad_buffer:Using reduce-scatter for gradient reductions because self.ddp_config.use_distributed_optimizer=True
[+   45.227] INFO:megatron.core.distributed.param_and_grad_buffer:Using reduce-scatter for gradient reductions because self.ddp_config.use_distributed_optimizer=True
[+   45.227] INFO:megatron.core.distributed.param_and_grad_buffer:Using reduce-scatter for gradient reductions because self.ddp_config.use_distributed_optimizer=True
[+   45.227] INFO:megatron.core.distributed.param_and_grad_buffer:Using reduce-scatter for gradient reductions because self.ddp_config.use_distributed_optimizer=True
[+   45.481] INFO:megatron.core.distributed.param_and_grad_buffer:Using reduce-scatter for gradient reductions because self.ddp_config.use_distributed_optimizer=True
[+   45.481] INFO:megatron.core.distributed.param_and_grad_buffer:Using reduce-scatter for gradient reductions because self.ddp_config.use_distributed_optimizer=True
[+   45.481] INFO:megatron.core.distributed.param_and_grad_buffer:Using reduce-scatter for gradient reductions because self.ddp_config.use_distributed_optimizer=True
[+   45.481] INFO:megatron.core.distributed.param_and_grad_buffer:Using reduce-scatter for gradient reductions because self.ddp_config.use_distributed_optimizer=True
[+   45.481] INFO:megatron.core.distributed.param_and_grad_buffer:Using reduce-scatter for gradient reductions because self.ddp_config.use_distributed_optimizer=True
[+   45.481] INFO:megatron.core.distributed.param_and_grad_buffer:Using reduce-scatter for gradient reductions because self.ddp_config.use_distributed_optimizer=True
[+   45.481] INFO:megatron.core.distributed.param_and_grad_buffer:Using reduce-scatter for gradient reductions because self.ddp_config.use_distributed_optimizer=True
[+   45.481] INFO:megatron.core.distributed.param_and_grad_buffer:Using reduce-scatter for gradient reductions because self.ddp_config.use_distributed_optimizer=True
[+   45.481] INFO:megatron.core.distributed.param_and_grad_buffer:Using reduce-scatter for gradient reductions because self.ddp_config.use_distributed_optimizer=True
[+   45.481] INFO:megatron.core.distributed.param_and_grad_buffer:Using reduce-scatter for gradient reductions because self.ddp_config.use_distributed_optimizer=True
[+   45.481] INFO:megatron.core.distributed.param_and_grad_buffer:Using reduce-scatter for gradient reductions because self.ddp_config.use_distributed_optimizer=True
[+   45.481] INFO:megatron.core.distributed.param_and_grad_buffer:Using reduce-scatter for gradient reductions because self.ddp_config.use_distributed_optimizer=True
[+   45.740] INFO:megatron.core.optimizer_param_scheduler:> learning rate decay style: cosine
[+   45.767] [after model, optimizer, and learning rate scheduler are built] datetime: 2026-07-26 04:06:25 
[+   45.773] > building train, validation, and test datasets ...
[+   45.773]  > datasets target sizes (minimum size):
[+   45.773]     train:      131072
[+   45.773]     validation: 0
[+   45.773]     test:       0
[+   45.773] > building train, validation, and test datasets for GPT ...
[+   45.773] INFO:megatron.core.datasets.blended_megatron_dataset_builder:Building MockGPTDataset splits with sizes=(131072, 0, 0) and config=GPTDatasetConfig(dataloader_type='single', num_workers=8, data_sharding=True, pin_memory=True, drop_last=True, persistent_workers=True, trust_remote_code=None, random_seed=1234, sequence_length=4096, blend=None, blend_per_split=None, multiple_validation_sets=None, full_validation=None, split='1,1,1', split_matrix=[(0, 0.3333333333333333), (0.3333333333333333, 0.6666666666666666), (0.6666666666666666, 1.0)], num_dataset_builder_threads=1, path_to_cache=None, mmap_bin_files=True, mock=True, tokenizer=<megatron.core.tokenizers.text.models.default_tokenizer.DefaultTokenizerText object at 0xffdbd4358620>, mid_level_dataset_surplus=0.005, allow_ambiguous_pad_tokens=False, fast_cache_load=False, defer_npy_index_mmap=False, reset_position_ids=False, reset_attention_mask=False, eod_mask_loss=False, create_attention_mask=True, drop_last_partial_validation_sequence=True, add_extra_token_to_sequence=True, object_storage_cache_path=None, data_parallel_size=1, sequence_parallel_size=0, hybrid_context_parallel=False, sequences_per_dataset=None, token_dtype_code=4, context_parallel_size=None, data_path=None, per_dataset_sequences_path=None)
[+   45.774] INFO:megatron.core.datasets.gpt_dataset:Build and save the MockGPTDataset train indices
[+   45.783] INFO:megatron.core.datasets.gpt_dataset:> total number of samples: 133184
[+   45.783] INFO:megatron.core.datasets.gpt_dataset:> total number of epochs: 8
[+   45.783] INFO:megatron.core.datasets.gpt_dataset:Build and save the MockGPTDataset valid indices
[+   45.784] INFO:megatron.core.datasets.gpt_dataset:> total number of samples: 16640
[+   45.784] INFO:megatron.core.datasets.gpt_dataset:> total number of epochs: 1
[+   45.794] INFO:megatron.core.datasets.gpt_dataset:Build and save the MockGPTDataset test indices
[+   45.795] INFO:megatron.core.datasets.gpt_dataset:> total number of samples: 16671
[+   45.795] INFO:megatron.core.datasets.gpt_dataset:> total number of epochs: 1
[+   45.796] > finished creating GPT datasets ...
[+   45.797] NCCL version 2.30.4+cuda13.2
[+   45.996] [after dataloaders are built] datetime: 2026-07-26 04:06:26 
[+   45.996] done with setup ...
[+   46.018] Setting rerun_state_machine.current_iteration to 0...
[+   46.581] Starting training loop at iteration 0
[+   65.155] /opt/venv/lib/python3.12/site-packages/transformer_engine/pytorch/quantized_tensor.py:126: UserWarning: Quantizer is being updated, this may affect model behavior
[+   65.155]   warnings.warn("Quantizer is being updated, this may affect model behavior")
[+   65.157] /opt/venv/lib/python3.12/site-packages/transformer_engine/pytorch/quantized_tensor.py:126: UserWarning: Quantizer is being updated, this may affect model behavior
[+   65.157]   warnings.warn("Quantizer is being updated, this may affect model behavior")
[+   65.157] /opt/venv/lib/python3.12/site-packages/transformer_engine/pytorch/quantized_tensor.py:126: UserWarning: Quantizer is being updated, this may affect model behavior
[+   65.157]   warnings.warn("Quantizer is being updated, this may affect model behavior")
[+   65.159] /opt/venv/lib/python3.12/site-packages/transformer_engine/pytorch/quantized_tensor.py:126: UserWarning: Quantizer is being updated, this may affect model behavior
[+   65.159]   warnings.warn("Quantizer is being updated, this may affect model behavior")
[+   65.201] WARNING:GroupedGemmGluSm100:GroupedGemmGluSm100 is an experimental API
[+   65.204] WARNING:GroupedGemmGluSm100:GroupedGemmGluSm100 is an experimental API
[+   65.205] WARNING:GroupedGemmGluSm100:GroupedGemmGluSm100 is an experimental API
[+   65.205] WARNING:GroupedGemmGluSm100:GroupedGemmGluSm100 is an experimental API
[+   67.892] WARNING:GroupedGemmQuantSm100:GroupedGemmQuantSm100 is an experimental API
[+   67.893] WARNING:GroupedGemmQuantSm100:GroupedGemmQuantSm100 is an experimental API
[+   67.952] WARNING:GroupedGemmQuantSm100:GroupedGemmQuantSm100 is an experimental API
[+   67.980] WARNING:GroupedGemmQuantSm100:GroupedGemmQuantSm100 is an experimental API
[+   76.261] [rank2]:[W726 04:06:56.491541729 ProcessGroupNCCL.cpp:4134] Warning: An unbatched P2P op (send/recv) was called on this ProcessGroup with size 2.  In lazy initialization mode, this will result in a new 2-rank NCCL communicator to be created. (function operator())
[+   76.263] [rank1]:[W726 04:06:56.493080552 ProcessGroupNCCL.cpp:4134] Warning: An unbatched P2P op (send/recv) was called on this ProcessGroup with size 2.  In lazy initialization mode, this will result in a new 2-rank NCCL communicator to be created. (function operator())
[+   76.263] [rank0]:[W726 04:06:56.493691211 ProcessGroupNCCL.cpp:4134] Warning: An unbatched P2P op (send/recv) was called on this ProcessGroup with size 2.  In lazy initialization mode, this will result in a new 2-rank NCCL communicator to be created. (function operator())
[+   76.266] [rank3]:[W726 04:06:56.496569304 ProcessGroupNCCL.cpp:4134] Warning: An unbatched P2P op (send/recv) was called on this ProcessGroup with size 2.  In lazy initialization mode, this will result in a new 2-rank NCCL communicator to be created. (function operator())
[+   77.260] NCCL version 2.30.4+cuda13.2
[+   77.260] NCCL version 2.30.4+cuda13.2
[+   77.260] [rank2]:[W726 04:06:57.490351235 ProcessGroupNCCL.cpp:4134] Warning: An unbatched P2P op (send/recv) was called on this ProcessGroup with size 256.  In lazy initialization mode, this will result in a new 2-rank NCCL communicator to be created. (function operator())
[+   77.260] [rank3]:[W726 04:06:57.490351107 ProcessGroupNCCL.cpp:4134] Warning: An unbatched P2P op (send/recv) was called on this ProcessGroup with size 256.  In lazy initialization mode, this will result in a new 2-rank NCCL communicator to be created. (function operator())
[+   77.260] [rank0]:[W726 04:06:57.490514436 ProcessGroupNCCL.cpp:4134] Warning: An unbatched P2P op (send/recv) was called on this ProcessGroup with size 256.  In lazy initialization mode, this will result in a new 2-rank NCCL communicator to be created. (function operator())
[+   77.270] NCCL version 2.30.4+cuda13.2
[+   77.270] [rank1]:[W726 04:06:57.500145968 ProcessGroupNCCL.cpp:4134] Warning: An unbatched P2P op (send/recv) was called on this ProcessGroup with size 256.  In lazy initialization mode, this will result in a new 2-rank NCCL communicator to be created. (function operator())
[+  132.263] WARNING:GroupedGemmDgluSm100:GroupedGemmDgluSm100 is an experimental API
[+  132.276] WARNING:GroupedGemmDgluSm100:GroupedGemmDgluSm100 is an experimental API
[+  132.277] WARNING:GroupedGemmDgluSm100:GroupedGemmDgluSm100 is an experimental API
[+  132.277] WARNING:GroupedGemmDgluSm100:GroupedGemmDgluSm100 is an experimental API
[+  135.167] WARNING:GroupedGemmQuantSm100:discrete_col_sfd is True but generate_sfd is False, discrete_col_sfd will be ignored
[+  135.248] WARNING:GroupedGemmQuantSm100:discrete_col_sfd is True but generate_sfd is False, discrete_col_sfd will be ignored
[+  135.263] WARNING:GroupedGemmQuantSm100:discrete_col_sfd is True but generate_sfd is False, discrete_col_sfd will be ignored
[+  135.269] WARNING:GroupedGemmQuantSm100:discrete_col_sfd is True but generate_sfd is False, discrete_col_sfd will be ignored
[+  136.799] WARNING:GroupedGemmWgradSm100:GroupedGemmWgradSm100 is an experimental API
[+  136.918] WARNING:GroupedGemmWgradSm100:GroupedGemmWgradSm100 is an experimental API
[+  136.919] WARNING:GroupedGemmWgradSm100:GroupedGemmWgradSm100 is an experimental API
[+  136.919] WARNING:GroupedGemmWgradSm100:GroupedGemmWgradSm100 is an experimental API
[+  147.185] /opt/Megatron-Bridge/3rdparty/Megatron-LM/megatron/core/pipeline_parallel/utils.py:188: UserWarning: The AccumulateGrad node's stream does not match the stream of the node that produced the incoming gradient. This may incur unnecessary synchronization and break CUDA graph capture if the AccumulateGrad node's stream is the default stream. This mismatch is caused by an AccumulateGrad node created prior to the current iteration being kept alive. This can happen if the autograd graph is still being kept alive by tensors such as the loss, or if you are using DDP, which will stash a reference to the node. To resolve the mismatch, delete all references to the autograd graph or ensure that DDP initialization is performed under the same stream as subsequent forwards. If the mismatch is intentional, you can use torch.autograd.graph.set_warn_on_accumulate_grad_stream_mismatch(False) to suppress this warning. (Triggered internally at /opt/pytorch/pytorch/torch/csrc/autograd/input_buffer.cpp:240.)
[+  147.185]   Variable._execution_engine.run_backward(
[+  147.185] /opt/Megatron-Bridge/3rdparty/Megatron-LM/megatron/core/pipeline_parallel/utils.py:188: UserWarning: The AccumulateGrad node's stream does not match the stream of the node that produced the incoming gradient. This may incur unnecessary synchronization and break CUDA graph capture if the AccumulateGrad node's stream is the default stream. This mismatch is caused by an AccumulateGrad node created prior to the current iteration being kept alive. This can happen if the autograd graph is still being kept alive by tensors such as the loss, or if you are using DDP, which will stash a reference to the node. To resolve the mismatch, delete all references to the autograd graph or ensure that DDP initialization is performed under the same stream as subsequent forwards. If the mismatch is intentional, you can use torch.autograd.graph.set_warn_on_accumulate_grad_stream_mismatch(False) to suppress this warning. (Triggered internally at /opt/pytorch/pytorch/torch/csrc/autograd/input_buffer.cpp:240.)
[+  147.185]   Variable._execution_engine.run_backward(
[+  147.209] /opt/Megatron-Bridge/3rdparty/Megatron-LM/megatron/core/pipeline_parallel/utils.py:188: UserWarning: The AccumulateGrad node's stream does not match the stream of the node that produced the incoming gradient. This may incur unnecessary synchronization and break CUDA graph capture if the AccumulateGrad node's stream is the default stream. This mismatch is caused by an AccumulateGrad node created prior to the current iteration being kept alive. This can happen if the autograd graph is still being kept alive by tensors such as the loss, or if you are using DDP, which will stash a reference to the node. To resolve the mismatch, delete all references to the autograd graph or ensure that DDP initialization is performed under the same stream as subsequent forwards. If the mismatch is intentional, you can use torch.autograd.graph.set_warn_on_accumulate_grad_stream_mismatch(False) to suppress this warning. (Triggered internally at /opt/pytorch/pytorch/torch/csrc/autograd/input_buffer.cpp:240.)
[+  147.209]   Variable._execution_engine.run_backward(
[+  147.214] /opt/Megatron-Bridge/3rdparty/Megatron-LM/megatron/core/pipeline_parallel/utils.py:188: UserWarning: The AccumulateGrad node's stream does not match the stream of the node that produced the incoming gradient. This may incur unnecessary synchronization and break CUDA graph capture if the AccumulateGrad node's stream is the default stream. This mismatch is caused by an AccumulateGrad node created prior to the current iteration being kept alive. This can happen if the autograd graph is still being kept alive by tensors such as the loss, or if you are using DDP, which will stash a reference to the node. To resolve the mismatch, delete all references to the autograd graph or ensure that DDP initialization is performed under the same stream as subsequent forwards. If the mismatch is intentional, you can use torch.autograd.graph.set_warn_on_accumulate_grad_stream_mismatch(False) to suppress this warning. (Triggered internally at /opt/pytorch/pytorch/torch/csrc/autograd/input_buffer.cpp:240.)
[+  147.214]   Variable._execution_engine.run_backward(
[+  209.509] Step Time : 163.49s GPU utilization: 219.4MODEL_TFLOP/s/GPU
[+  209.510] Number of dense and embedding parameters in billions: 8.69
[+  209.510] Number of routed expert parameters in billions: 286.29
[+  209.510] Total number of parameters in billions: 294.97
[+  209.510] Number of dense and embedding parameters in most loaded shard in billions: 4.3428
[+  209.510] Number of routed expert parameters in most loaded shard in billions: 4.4732
[+  209.510] Theoretical memory footprints: weight and optimizer=63632.05 MB
[+  209.510] [Rank 0] (after 1 iterations) memory (GB) | mem-allocated-gigabytes: 58.478 | mem-active-gigabytes: 58.478 | mem-inactive-gigabytes: 0.0 | mem-reserved-gigabytes: 207.26 | mem-max-allocated-gigabytes: 197.42 | mem-max-active-gigabytes: 197.62 | mem-max-inactive-gigabytes: 0.0 | mem-max-reserved-gigabytes: 207.26 | mem-alloc-retires: 0 | mem-allocated-count: 4025
[+  211.890] INFO:megatron.core.transformer.moe.paged_stash:allocate_stash_buffers cuda: torch.Size([6893568, 4096]) host: torch.Size([5744640, 4096]) dtype=torch.uint8 (torch.uint8)
[+  214.316] INFO:megatron.core.transformer.moe.paged_stash:allocate_stash_buffers cuda: torch.Size([6684672, 3072]) host: torch.Size([5570560, 3072]) dtype=torch.bfloat16 (torch.bfloat16)
[+  214.317] INFO:megatron.core.transformer.moe.paged_stash:allocate_stash_buffers cuda: torch.Size([6684672, 1]) host: torch.Size([5570560, 1]) dtype=torch.float32 (torch.float32)
[+  253.746] Step Time : 44.24s GPU utilization: 810.8MODEL_TFLOP/s/GPU
[+  253.747] Number of dense and embedding parameters in billions: 8.69
[+  253.747] Number of routed expert parameters in billions: 286.29
[+  253.747] Total number of parameters in billions: 294.97
[+  253.747] Number of dense and embedding parameters in most loaded shard in billions: 4.3428
[+  253.747] Number of routed expert parameters in most loaded shard in billions: 4.4732
[+  253.747] Theoretical memory footprints: weight and optimizer=63632.05 MB
[+  253.747] [Rank 0] (after 2 iterations) memory (GB) | mem-allocated-gigabytes: 127.82 | mem-active-gigabytes: 127.82 | mem-inactive-gigabytes: 0.0 | mem-reserved-gigabytes: 251.52 | mem-max-allocated-gigabytes: 218.28 | mem-max-active-gigabytes: 246.67 | mem-max-inactive-gigabytes: 0.0 | mem-max-reserved-gigabytes: 285.84 | mem-alloc-retires: 1 | mem-allocated-count: 4054
[+  290.209] Step Time : 36.46s GPU utilization: 983.6MODEL_TFLOP/s/GPU
[+  290.532] INFO:megatron.core.full_cuda_graph:Capture CUDA graph for training!!!
[+  290.538] INFO:megatron.core.full_cuda_graph:Capture CUDA graph for training!!!
[+  290.540] INFO:megatron.core.full_cuda_graph:Capture CUDA graph for training!!!
[+  290.544] INFO:megatron.core.full_cuda_graph:Capture CUDA graph for training!!!
[+  473.320] [rank2]:[E726 04:13:33.549954009 ProcessGroupNCCL.cpp:2151] [PG ID 0 PG GUID 0(default_pg) Rank 2] Process group watchdog thread terminated with exception: CUDA error: unspecified launch failure
[+  473.320] Search for `cudaErrorLaunchFailure' in https://docs.nvidia.com/cuda/cuda-runtime-api/group__CUDART__TYPES.html for more information.
[+  473.320] CUDA kernel errors might be asynchronously reported at some other API call, so the stacktrace below might be incorrect.
[+  473.320] For debugging consider passing CUDA_LAUNCH_BLOCKING=1
[+  473.320] Compile with `TORCH_USE_CUDA_DSA` to enable device-side assertions.
[+  473.320] 
[+  473.320] Exception raised from query at /opt/pytorch/pytorch/c10/cuda/CUDAEvent.h:111 (most recent call first):
[+  473.320] frame #0: c10::Error::Error(c10::SourceLocation, std::__cxx11::basic_string<char, std::char_traits<char>, std::allocator<char> >) + 0xdc (0xeea34aa10bf4 in /usr/local/lib/python3.12/dist-packages/torch/lib/libc10.so)
[+  473.320] frame #1: <unknown function> + 0x4457e0 (0xeea34ae457e0 in /usr/local/lib/python3.12/dist-packages/torch/lib/libc10_cuda.so)
[+  473.320] frame #2: <unknown function> + 0x80d4c0 (0xeea34b20d4c0 in /usr/local/lib/python3.12/dist-packages/torch/lib/libc10_cuda.so)
[+  473.320] frame #3: <unknown function> + 0x1f4061ac (0xeea36a6061ac in /usr/local/lib/python3.12/dist-packages/torch/lib/libtorch_cuda.so)
[+  473.320] frame #4: c10d::ProcessGroupNCCL::WorkNCCL::isCompleted() + 0x70 (0xeea36a2069b0 in /usr/local/lib/python3.12/dist-packages/torch/lib/libtorch_cuda.so)
[+  473.320] frame #5: c10d::ProcessGroupNCCL::Watchdog::runLoop() + 0x4b4 (0xeea36a206574 in /usr/local/lib/python3.12/dist-packages/torch/lib/libtorch_cuda.so)
[+  473.320] frame #6: c10d::ProcessGroupNCCL::Watchdog::run() + 0x150 (0xeea36a37d450 in /usr/local/lib/python3.12/dist-packages/torch/lib/libtorch_cuda.so)
[+  473.320] frame #7: <unknown function> + 0xe1ae0 (0xeea349901ae0 in /usr/lib/aarch64-linux-gnu/libstdc++.so.6)
[+  473.320] frame #8: <unknown function> + 0x8595c (0xeea378cb595c in /usr/lib/aarch64-linux-gnu/libc.so.6)
[+  473.320] frame #9: <unknown function> + 0xebb4c (0xeea378d1bb4c in /usr/lib/aarch64-linux-gnu/libc.so.6)
[+  473.320] 
[+  473.320] [rank3]:[E726 04:13:33.549953849 ProcessGroupNCCL.cpp:2151] [PG ID 0 PG GUID 0(default_pg) Rank 3] Process group watchdog thread terminated with exception: CUDA error: unspecified launch failure
[+  473.320] Search for `cudaErrorLaunchFailure' in https://docs.nvidia.com/cuda/cuda-runtime-api/group__CUDART__TYPES.html for more information.
[+  473.320] CUDA kernel errors might be asynchronously reported at some other API call, so the stacktrace below might be incorrect.
[+  473.320] For debugging consider passing CUDA_LAUNCH_BLOCKING=1
[+  473.320] Compile with `TORCH_USE_CUDA_DSA` to enable device-side assertions.
[+  473.320] 
[+  473.320] Exception raised from query at /opt/pytorch/pytorch/c10/cuda/CUDAEvent.h:111 (most recent call first):
[+  473.320] frame #0: c10::Error::Error(c10::SourceLocation, std::__cxx11::basic_string<char, std::char_traits<char>, std::allocator<char> >) + 0xdc (0xf03801c10bf4 in /usr/local/lib/python3.12/dist-packages/torch/lib/libc10.so)
[+  473.320] frame #1: <unknown function> + 0x4457e0 (0xf038020457e0 in /usr/local/lib/python3.12/dist-packages/torch/lib/libc10_cuda.so)
[+  473.320] frame #2: <unknown function> + 0x80d4c0 (0xf0380240d4c0 in /usr/local/lib/python3.12/dist-packages/torch/lib/libc10_cuda.so)
[+  473.320] frame #3: <unknown function> + 0x1f4061ac (0xf038218061ac in /usr/local/lib/python3.12/dist-packages/torch/lib/libtorch_cuda.so)
[+  473.320] frame #4: c10d::ProcessGroupNCCL::WorkNCCL::isCompleted() + 0x70 (0xf038214069b0 in /usr/local/lib/python3.12/dist-packages/torch/lib/libtorch_cuda.so)
[+  473.320] frame #5: c10d::ProcessGroupNCCL::Watchdog::runLoop() + 0x4b4 (0xf03821406574 in /usr/local/lib/python3.12/dist-packages/torch/lib/libtorch_cuda.so)
[+  473.320] frame #6: c10d::ProcessGroupNCCL::Watchdog::run() + 0x150 (0xf0382157d450 in /usr/local/lib/python3.12/dist-packages/torch/lib/libtorch_cuda.so)
[+  473.320] frame #7: <unknown function> + 0xe1ae0 (0xf03800b01ae0 in /usr/lib/aarch64-linux-gnu/libstdc++.so.6)
[+  473.320] frame #8: <unknown function> + 0x8595c (0xf0382fe1595c in /usr/lib/aarch64-linux-gnu/libc.so.6)
[+  473.320] frame #9: <unknown function> + 0xebb4c (0xf0382fe7bb4c in /usr/lib/aarch64-linux-gnu/libc.so.6)
[+  473.320] 
[+  473.320] terminate called after throwing an instance of 'c10::DistBackendError'
[+  473.320] terminate called after throwing an instance of 'c10::DistBackendError'
[+  473.320] [rank1]:[E726 04:13:33.550064154 ProcessGroupNCCL.cpp:2151] [PG ID 0 PG GUID 0(default_pg) Rank 1] Process group watchdog thread terminated with exception: CUDA error: unspecified launch failure
[+  473.320] Search for `cudaErrorLaunchFailure' in https://docs.nvidia.com/cuda/cuda-runtime-api/group__CUDART__TYPES.html for more information.
[+  473.320] CUDA kernel errors might be asynchronously reported at some other API call, so the stacktrace below might be incorrect.
[+  473.320] For debugging consider passing CUDA_LAUNCH_BLOCKING=1
[+  473.320] Compile with `TORCH_USE_CUDA_DSA` to enable device-side assertions.
[+  473.320] 
[+  473.320] Exception raised from query at /opt/pytorch/pytorch/c10/cuda/CUDAEvent.h:111 (most recent call first):
[+  473.320] frame #0: c10::Error::Error(c10::SourceLocation, std::__cxx11::basic_string<char, std::char_traits<char>, std::allocator<char> >) + 0xdc (0xe1ec1b610bf4 in /usr/local/lib/python3.12/dist-packages/torch/lib/libc10.so)
[+  473.320] frame #1: <unknown function> + 0x4457e0 (0xe1ec1ba457e0 in /usr/local/lib/python3.12/dist-packages/torch/lib/libc10_cuda.so)
[+  473.320] frame #2: <unknown function> + 0x80d4c0 (0xe1ec1be0d4c0 in /usr/local/lib/python3.12/dist-packages/torch/lib/libc10_cuda.so)
[+  473.320] frame #3: <unknown function> + 0x1f4061ac (0xe1ec3b2061ac in /usr/local/lib/python3.12/dist-packages/torch/lib/libtorch_cuda.so)
[+  473.320] frame #4: c10d::ProcessGroupNCCL::WorkNCCL::isCompleted() + 0x70 (0xe1ec3ae069b0 in /usr/local/lib/python3.12/dist-packages/torch/lib/libtorch_cuda.so)
[+  473.320] frame #5: c10d::ProcessGroupNCCL::Watchdog::runLoop() + 0x4b4 (0xe1ec3ae06574 in /usr/local/lib/python3.12/dist-packages/torch/lib/libtorch_cuda.so)
[+  473.320] frame #6: c10d::ProcessGroupNCCL::Watchdog::run() + 0x150 (0xe1ec3af7d450 in /usr/local/lib/python3.12/dist-packages/torch/lib/libtorch_cuda.so)
[+  473.320] frame #7: <unknown function> + 0xe1ae0 (0xe1ec1a501ae0 in /usr/lib/aarch64-linux-gnu/libstdc++.so.6)
[+  473.320] frame #8: <unknown function> + 0x8595c (0xe1ec4985595c in /usr/lib/aarch64-linux-gnu/libc.so.6)
[+  473.320] frame #9: <unknown function> + 0xebb4c (0xe1ec498bbb4c in /usr/lib/aarch64-linux-gnu/libc.so.6)
[+  473.320] 
[+  473.320] terminate called after throwing an instance of 'c10::DistBackendError'
[+  473.320]   what():    what():  [PG ID 0 PG GUID 0(default_pg) Rank 2] Process group watchdog thread terminated with exception: CUDA error: unspecified launch failure
[+  473.320] Search for `cudaErrorLaunchFailure' in https://docs.nvidia.com/cuda/cuda-runtime-api/group__CUDART__TYPES.html for more information.
[+  473.320] CUDA kernel errors might be asynchronously reported at some other API call, so the stacktrace below might be incorrect.
[+  473.320] For debugging consider passing CUDA_LAUNCH_BLOCKING=1
[+  473.320] Compile with `TORCH_USE_CUDA_DSA` to enable device-side assertions.
[+  473.320] 
[+  473.320] Exception raised from query at /opt/pytorch/pytorch/c10/cuda/CUDAEvent.h:111 (most recent call first):
[+  473.320] frame #0: c10::Error::Error(c10::SourceLocation, std::__cxx11::basic_string<char, std::char_traits<char>, std::allocator<char> >) + 0xdc (0xeea34aa10bf4 in /usr/local/lib/python3.12/dist-packages/torch/lib/libc10.so)
[+  473.320] frame #1: <unknown function> + 0x4457e0 (0xeea34ae457e0 in /usr/local/lib/python3.12/dist-packages/torch/lib/libc10_cuda.so)
[+  473.320] frame #2: <unknown function> + 0x80d4c0 (0xeea34b20d4c0 in /usr/local/lib/python3.12/dist-packages/torch/lib/libc10_cuda.so)
[+  473.320] frame #3: <unknown function> + 0x1f4061ac (0xeea36a6061ac in /usr/local/lib/python3.12/dist-packages/torch/lib/libtorch_cuda.so)
[+  473.320] frame #4: c10d::ProcessGroupNCCL::WorkNCCL::isCompleted() + 0x70 (0xeea36a2069b0 in /usr/local/lib/python3.12/dist-packages/torch/lib/libtorch_cuda.so)
[+  473.320] frame #5: c10d::ProcessGroupNCCL::Watchdog::runLoop() + 0x4b4 (0xeea36a206574 in /usr/local/lib/python3.12/dist-packages/torch/lib/libtorch_cuda.so)
[+  473.320] frame #6: c10d::ProcessGroupNCCL::Watchdog::run() + 0x150 (0xeea36a37d450 in /usr/local/lib/python3.12/dist-packages/torch/lib/libtorch_cuda.so)
[+  473.320] frame #7: <unknown function> + 0xe1ae0 (0xeea349901ae0 in /usr/lib/aarch64-linux-gnu/libstdc++.so.6)
[+  473.320] frame #8: <unknown function> + 0x8595c (0xeea378cb595c in /usr/lib/aarch64-linux-gnu/libc.so.6)
[+  473.320] frame #9: <unknown function> + 0xebb4c (0xeea378d1bb4c in /usr/lib/aarch64-linux-gnu/libc.so.6)
[+  473.320] 
[+  473.320] Exception raised from run at /opt/pytorch/pytorch/torch/csrc/distributed/c10d/ProcessGroupNCCL.cpp:2157 (most recent call first):
[+  473.320] frame #0: c10::Error::Error(c10::SourceLocation, std::__cxx11::basic_string<char, std::char_traits<char>, std::allocator<char> >) + 0xdc (0xeea34aa10bf4 in /usr/local/lib/python3.12/dist-packages/torch/lib/libc10.so)
[+  473.320] frame #1: <unknown function> + 0x1f603fe8 (0xeea36a803fe8 in /usr/local/lib/python3.12/dist-packages/torch/lib/libtorch_cuda.so)
[+  473.320] frame #2: <unknown function> + 0xe1ae0 (0xeea349901ae0 in /usr/lib/aarch64-linux-gnu/libstdc++.so.6)
[+  473.320] frame #3: <unknown function> + 0x8595c (0xeea378cb595c in /usr/lib/aarch64-linux-gnu/libc.so.6)
[+  473.320] frame #4: <unknown function> + 0xebb4c (0xeea378d1bb4c in /usr/lib/aarch64-linux-gnu/libc.so.6)
[+  473.320] [PG ID 0 PG GUID 0(default_pg) Rank 3] Process group watchdog thread terminated with exception: CUDA error: unspecified launch failure
[+  473.320] Search for `cudaErrorLaunchFailure' in https://docs.nvidia.com/cuda/cuda-runtime-api/group__CUDART__TYPES.html for more information.
[+  473.320] CUDA kernel errors might be asynchronously reported at some other API call, so the stacktrace below might be incorrect.
[+  473.320] For debugging consider passing CUDA_LAUNCH_BLOCKING=1
[+  473.320] Compile with `TORCH_USE_CUDA_DSA` to enable device-side assertions.
[+  473.320] 
[+  473.320] Exception raised from query at /opt/pytorch/pytorch/c10/cuda/CUDAEvent.h:111 (most recent call first):
[+  473.320] frame #0: c10::Error::Error(c10::SourceLocation, std::__cxx11::basic_string<char, std::char_traits<char>, std::allocator<char> >) + 0xdc (0xf03801c10bf4 in /usr/local/lib/python3.12/dist-packages/torch/lib/libc10.so)
[+  473.320] frame #1: <unknown function> + 0x4457e0 (0xf038020457e0 in /usr/local/lib/python3.12/dist-packages/torch/lib/libc10_cuda.so)
[+  473.320] frame #2: <unknown function> + 0x80d4c0 (0xf0380240d4c0 in /usr/local/lib/python3.12/dist-packages/torch/lib/libc10_cuda.so)
[+  473.320] frame #3: <unknown function> + 0x1f4061ac (0xf038218061ac in /usr/local/lib/python3.12/dist-packages/torch/lib/libtorch_cuda.so)
[+  473.320] frame #4: c10d::ProcessGroupNCCL::WorkNCCL::isCompleted() + 0x70 (0xf038214069b0 in /usr/local/lib/python3.12/dist-packages/torch/lib/libtorch_cuda.so)
[+  473.320] frame #5: c10d::ProcessGroupNCCL::Watchdog::runLoop() + 0x4b4 (0xf03821406574 in /usr/local/lib/python3.12/dist-packages/torch/lib/libtorch_cuda.so)
[+  473.320] frame #6: c10d::ProcessGroupNCCL::Watchdog::run() + 0x150 (0xf0382157d450 in /usr/local/lib/python3.12/dist-packages/torch/lib/libtorch_cuda.so)
[+  473.320] frame #7: <unknown function> + 0xe1ae0 (0xf03800b01ae0 in /usr/lib/aarch64-linux-gnu/libstdc++.so.6)
[+  473.320] frame #8: <unknown function> + 0x8595c (0xf0382fe1595c in /usr/lib/aarch64-linux-gnu/libc.so.6)
[+  473.320] frame #9: <unknown function> + 0xebb4c (0xf0382fe7bb4c in /usr/lib/aarch64-linux-gnu/libc.so.6)
[+  473.320] 
[+  473.320] Exception raised from run at /opt/pytorch/pytorch/torch/csrc/distributed/c10d/ProcessGroupNCCL.cpp:2157 (most recent call first):
[+  473.320] frame #0: c10::Error::Error(c10::SourceLocation, std::__cxx11::basic_string<char, std::char_traits<char>, std::allocator<char> >) + 0xdc (0xf03801c10bf4 in /usr/local/lib/python3.12/dist-packages/torch/lib/libc10.so)
[+  473.320] frame #1: <unknown function> + 0x1f603fe8 (0xf03821a03fe8 in /usr/local/lib/python3.12/dist-packages/torch/lib/libtorch_cuda.so)
[+  473.320] frame #2: <unknown function> + 0xe1ae0 (0xf03800b01ae0 in /usr/lib/aarch64-linux-gnu/libstdc++.so.6)
[+  473.320] frame #3: <unknown function> + 0x8595c (0xf0382fe1595c in /usr/lib/aarch64-linux-gnu/libc.so.6)
[+  473.320] frame #4: <unknown function> + 0xebb4c (0xf0382fe7bb4c in /usr/lib/aarch64-linux-gnu/libc.so.6)
[+  473.320] 
[+  473.320] 
[+  473.320]   what():  [rank0]:[E726 04:13:33.550323642 ProcessGroupNCCL.cpp:2151] [PG ID 0 PG GUID 0(default_pg) Rank 0] Process group watchdog thread terminated with exception: CUDA error: unspecified launch failure
[+  473.320] Search for `cudaErrorLaunchFailure' in https://docs.nvidia.com/cuda/cuda-runtime-api/group__CUDART__TYPES.html for more information.
[+  473.320] CUDA kernel errors might be asynchronously reported at some other API call, so the stacktrace below might be incorrect.
[+  473.320] For debugging consider passing CUDA_LAUNCH_BLOCKING=1
[+  473.320] Compile with `TORCH_USE_CUDA_DSA` to enable device-side assertions.
[+  473.320] 
[+  473.320] Exception raised from query at /opt/pytorch/pytorch/c10/cuda/CUDAEvent.h:111 (most recent call first):
[+  473.320] frame #0: c10::Error::Error(c10::SourceLocation, std::__cxx11::basic_string<char, std::char_traits<char>, std::allocator<char> >) + 0xdc (0xffe034e10bf4 in /usr/local/lib/python3.12/dist-packages/torch/lib/libc10.so)
[+  473.320] frame #1: <unknown function> + 0x4457e0 (0xffe0352457e0 in /usr/local/lib/python3.12/dist-packages/torch/lib/libc10_cuda.so)
[+  473.320] frame #2: <unknown function> + 0x80d4c0 (0xffe03560d4c0 in /usr/local/lib/python3.12/dist-packages/torch/lib/libc10_cuda.so)
[+  473.320] frame #3: <unknown function> + 0x1f4061ac (0xffe054a061ac in /usr/local/lib/python3.12/dist-packages/torch/lib/libtorch_cuda.so)
[+  473.320] frame #4: c10d::ProcessGroupNCCL::WorkNCCL::isCompleted() + 0x70 (0xffe0546069b0 in /usr/local/lib/python3.12/dist-packages/torch/lib/libtorch_cuda.so)
[+  473.320] frame #5: c10d::ProcessGroupNCCL::Watchdog::runLoop() + 0x4b4 (0xffe054606574 in /usr/local/lib/python3.12/dist-packages/torch/lib/libtorch_cuda.so)
[+  473.320] frame #6: c10d::ProcessGroupNCCL::Watchdog::run() + 0x150 (0xffe05477d450 in /usr/local/lib/python3.12/dist-packages/torch/lib/libtorch_cuda.so)
[+  473.320] frame #7: <unknown function> + 0xe1ae0 (0xffe033d01ae0 in /usr/lib/aarch64-linux-gnu/libstdc++.so.6)
[+  473.320] frame #8: <unknown function> + 0x8595c (0xffe06300595c in /usr/lib/aarch64-linux-gnu/libc.so.6)
[+  473.320] frame #9: <unknown function> + 0xebb4c (0xffe06306bb4c in /usr/lib/aarch64-linux-gnu/libc.so.6)
[+  473.320] 
[+  473.320] [PG ID 0 PG GUID 0(default_pg) Rank 1] Process group watchdog thread terminated with exception: CUDA error: unspecified launch failure
[+  473.320] Search for `cudaErrorLaunchFailure' in https://docs.nvidia.com/cuda/cuda-runtime-api/group__CUDART__TYPES.html for more information.
[+  473.320] CUDA kernel errors might be asynchronously reported at some other API call, so the stacktrace below might be incorrect.
[+  473.320] For debugging consider passing CUDA_LAUNCH_BLOCKING=1
[+  473.320] Compile with `TORCH_USE_CUDA_DSA` to enable device-side assertions.
[+  473.320] 
[+  473.320] Exception raised from query at /opt/pytorch/pytorch/c10/cuda/CUDAEvent.h:111 (most recent call first):
[+  473.320] frame #0: c10::Error::Error(c10::SourceLocation, std::__cxx11::basic_string<char, std::char_traits<char>, std::allocator<char> >) + 0xdc (0xe1ec1b610bf4 in /usr/local/lib/python3.12/dist-packages/torch/lib/libc10.so)
[+  473.320] frame #1: <unknown function> + 0x4457e0 (0xe1ec1ba457e0 in /usr/local/lib/python3.12/dist-packages/torch/lib/libc10_cuda.so)
[+  473.320] frame #2: <unknown function> + 0x80d4c0 (0xe1ec1be0d4c0 in /usr/local/lib/python3.12/dist-packages/torch/lib/libc10_cuda.so)
[+  473.320] frame #3: <unknown function> + 0x1f4061ac (0xe1ec3b2061ac in /usr/local/lib/python3.12/dist-packages/torch/lib/libtorch_cuda.so)
[+  473.320] frame #4: c10d::ProcessGroupNCCL::WorkNCCL::isCompleted() + 0x70 (0xe1ec3ae069b0 in /usr/local/lib/python3.12/dist-packages/torch/lib/libtorch_cuda.so)
[+  473.320] frame #5: c10d::ProcessGroupNCCL::Watchdog::runLoop() + 0x4b4 (0xe1ec3ae06574 in /usr/local/lib/python3.12/dist-packages/torch/lib/libtorch_cuda.so)
[+  473.320] frame #6: c10d::ProcessGroupNCCL::Watchdog::run() + 0x150 (0xe1ec3af7d450 in /usr/local/lib/python3.12/dist-packages/torch/lib/libtorch_cuda.so)
[+  473.320] frame #7: <unknown function> + 0xe1ae0 (0xe1ec1a501ae0 in /usr/lib/aarch64-linux-gnu/libstdc++.so.6)
[+  473.320] frame #8: <unknown function> + 0x8595c (0xe1ec4985595c in /usr/lib/aarch64-linux-gnu/libc.so.6)
[+  473.320] frame #9: <unknown function> + 0xebb4c (0xe1ec498bbb4c in /usr/lib/aarch64-linux-gnu/libc.so.6)
[+  473.320] 
[+  473.320] Exception raised from run at /opt/pytorch/pytorch/torch/csrc/distributed/c10d/ProcessGroupNCCL.cpp:2157 (most recent call first):
[+  473.320] frame #0: c10::Error::Error(c10::SourceLocation, std::__cxx11::basic_string<char, std::char_traits<char>, std::allocator<char> >) + 0xdc (0xe1ec1b610bf4 in /usr/local/lib/python3.12/dist-packages/torch/lib/libc10.so)
[+  473.320] frame #1: <unknown function> + 0x1f603fe8 (0xe1ec3b403fe8 in /usr/local/lib/python3.12/dist-packages/torch/lib/libtorch_cuda.so)
[+  473.320] frame #2: <unknown function> + 0xe1ae0 (0xe1ec1a501ae0 in /usr/lib/aarch64-linux-gnu/libstdc++.so.6)
[+  473.320] frame #3: <unknown function> + 0x8595c (0xe1ec4985595c in /usr/lib/aarch64-linux-gnu/libc.so.6)
[+  473.320] frame #4: <unknown function> + 0xebb4c (0xe1ec498bbb4c in /usr/lib/aarch64-linux-gnu/libc.so.6)
[+  473.320] 
[+  473.320] terminate called after throwing an instance of 'c10::DistBackendError'
[+  473.320]   what():  [PG ID 0 PG GUID 0(default_pg) Rank 0] Process group watchdog thread terminated with exception: CUDA error: unspecified launch failure
[+  473.320] Search for `cudaErrorLaunchFailure' in https://docs.nvidia.com/cuda/cuda-runtime-api/group__CUDART__TYPES.html for more information.
[+  473.320] CUDA kernel errors might be asynchronously reported at some other API call, so the stacktrace below might be incorrect.
[+  473.320] For debugging consider passing CUDA_LAUNCH_BLOCKING=1
[+  473.320] Compile with `TORCH_USE_CUDA_DSA` to enable device-side assertions.
[+  473.320] 
[+  473.320] Exception raised from query at /opt/pytorch/pytorch/c10/cuda/CUDAEvent.h:111 (most recent call first):
[+  473.320] frame #0: c10::Error::Error(c10::SourceLocation, std::__cxx11::basic_string<char, std::char_traits<char>, std::allocator<char> >) + 0xdc (0xffe034e10bf4 in /usr/local/lib/python3.12/dist-packages/torch/lib/libc10.so)
[+  473.320] frame #1: <unknown function> + 0x4457e0 (0xffe0352457e0 in /usr/local/lib/python3.12/dist-packages/torch/lib/libc10_cuda.so)
[+  473.320] frame #2: <unknown function> + 0x80d4c0 (0xffe03560d4c0 in /usr/local/lib/python3.12/dist-packages/torch/lib/libc10_cuda.so)
[+  473.320] frame #3: <unknown function> + 0x1f4061ac (0xffe054a061ac in /usr/local/lib/python3.12/dist-packages/torch/lib/libtorch_cuda.so)
[+  473.320] frame #4: c10d::ProcessGroupNCCL::WorkNCCL::isCompleted() + 0x70 (0xffe0546069b0 in /usr/local/lib/python3.12/dist-packages/torch/lib/libtorch_cuda.so)
[+  473.320] frame #5: c10d::ProcessGroupNCCL::Watchdog::runLoop() + 0x4b4 (0xffe054606574 in /usr/local/lib/python3.12/dist-packages/torch/lib/libtorch_cuda.so)
[+  473.320] frame #6: c10d::ProcessGroupNCCL::Watchdog::run() + 0x150 (0xffe05477d450 in /usr/local/lib/python3.12/dist-packages/torch/lib/libtorch_cuda.so)
[+  473.320] frame #7: <unknown function> + 0xe1ae0 (0xffe033d01ae0 in /usr/lib/aarch64-linux-gnu/libstdc++.so.6)
[+  473.320] frame #8: <unknown function> + 0x8595c (0xffe06300595c in /usr/lib/aarch64-linux-gnu/libc.so.6)
[+  473.320] frame #9: <unknown function> + 0xebb4c (0xffe06306bb4c in /usr/lib/aarch64-linux-gnu/libc.so.6)
[+  473.320] 
[+  473.320] Exception raised from run at /opt/pytorch/pytorch/torch/csrc/distributed/c10d/ProcessGroupNCCL.cpp:2157 (most recent call first):
[+  473.320] frame #0: c10::Error::Error(c10::SourceLocation, std::__cxx11::basic_string<char, std::char_traits<char>, std::allocator<char> >) + 0xdc (0xffe034e10bf4 in /usr/local/lib/python3.12/dist-packages/torch/lib/libc10.so)
[+  473.320] frame #1: <unknown function> + 0x1f603fe8 (0xffe054c03fe8 in /usr/local/lib/python3.12/dist-packages/torch/lib/libtorch_cuda.so)
[+  473.320] frame #2: <unknown function> + 0xe1ae0 (0xffe033d01ae0 in /usr/lib/aarch64-linux-gnu/libstdc++.so.6)
[+  473.320] frame #3: <unknown function> + 0x8595c (0xffe06300595c in /usr/lib/aarch64-linux-gnu/libc.so.6)
[+  473.320] frame #4: <unknown function> + 0xebb4c (0xffe06306bb4c in /usr/lib/aarch64-linux-gnu/libc.so.6)
[+  473.320] 
