### MNNVL 实际生效值: NCCL_MNNVL_ENABLE=<unset> NCCL_CUMEM_ENABLE=<unset> USE_MNNVL=1
[+    0.334] /usr/local/lib/python3.12/dist-packages/torch/cuda/__init__.py:61: FutureWarning: The pynvml package is deprecated. Please install nvidia-ml-py instead. If you did not install pynvml directly, please report this to the maintainers of the package that installed pynvml for you.
[+    0.335]   import pynvml  # type: ignore[import]
[+    0.990] W0726 03:48:07.707000 592 torch/distributed/run.py:862] 
[+    0.990] W0726 03:48:07.707000 592 torch/distributed/run.py:862] *****************************************
[+    0.990] W0726 03:48:07.707000 592 torch/distributed/run.py:862] Setting OMP_NUM_THREADS environment variable for each process to be 1 in default, to avoid your system being overloaded, please further tune the variable for optimal performance in your application as needed. 
[+    0.990] W0726 03:48:07.707000 592 torch/distributed/run.py:862] *****************************************
[+   10.210] /usr/local/lib/python3.12/dist-packages/torch/cuda/__init__.py:61: FutureWarning: The pynvml package is deprecated. Please install nvidia-ml-py instead. If you did not install pynvml directly, please report this to the maintainers of the package that installed pynvml for you.
[+   10.210]   import pynvml  # type: ignore[import]
[+   10.211] /usr/local/lib/python3.12/dist-packages/torch/cuda/__init__.py:61: FutureWarning: The pynvml package is deprecated. Please install nvidia-ml-py instead. If you did not install pynvml directly, please report this to the maintainers of the package that installed pynvml for you.
[+   10.211]   import pynvml  # type: ignore[import]
[+   10.212] /usr/local/lib/python3.12/dist-packages/torch/cuda/__init__.py:61: FutureWarning: The pynvml package is deprecated. Please install nvidia-ml-py instead. If you did not install pynvml directly, please report this to the maintainers of the package that installed pynvml for you.
[+   10.212]   import pynvml  # type: ignore[import]
[+   10.213] /usr/local/lib/python3.12/dist-packages/torch/cuda/__init__.py:61: FutureWarning: The pynvml package is deprecated. Please install nvidia-ml-py instead. If you did not install pynvml directly, please report this to the maintainers of the package that installed pynvml for you.
[+   10.213]   import pynvml  # type: ignore[import]
[+   24.144] /opt/venv/lib/python3.12/site-packages/comet_ml/error_tracking/api.py:51: UserWarning: We won't be continuing development on SDK 3.0. Please use the last stable version of the SDK to get access to the newest features and fixes. See https://github.com/getsentry/sentry-python/discussions/4955
[+   24.144]   sentry_sdk.init(
[+   24.548] /opt/venv/lib/python3.12/site-packages/comet_ml/error_tracking/api.py:51: UserWarning: We won't be continuing development on SDK 3.0. Please use the last stable version of the SDK to get access to the newest features and fixes. See https://github.com/getsentry/sentry-python/discussions/4955
[+   24.548]   sentry_sdk.init(
[+   24.550] /opt/venv/lib/python3.12/site-packages/comet_ml/error_tracking/api.py:51: UserWarning: We won't be continuing development on SDK 3.0. Please use the last stable version of the SDK to get access to the newest features and fixes. See https://github.com/getsentry/sentry-python/discussions/4955
[+   24.550]   sentry_sdk.init(
[+   26.367] [WARNING] Field "span" in type "ir.TupleType" duplicates an ancestor field in "ir.Type". Child types should not re-register inherited fields.
[+   26.367] [WARNING] Field "span" in type "ir.FuncType" duplicates an ancestor field in "ir.Type". Child types should not re-register inherited fields.
[+   26.367] [WARNING] Field "span" in type "ir.TensorMapType" duplicates an ancestor field in "ir.Type". Child types should not re-register inherited fields.
[+   26.372] [WARNING] Field "binding_blocks" in type "script.ir_builder.relax.FunctionFrame" duplicates an ancestor field in "script.ir_builder.relax.SeqExprFrame". Child types should not re-register inherited fields.
[+   26.372] [WARNING] Field "output" in type "script.ir_builder.relax.FunctionFrame" duplicates an ancestor field in "script.ir_builder.relax.SeqExprFrame". Child types should not re-register inherited fields.
[+   26.404] /opt/venv/lib/python3.12/site-packages/tvm_ffi/registry.py:85: UserWarning: Field 'span' in 'ir.TupleType' duplicates an ancestor field. Child types should not re-register inherited fields.
[+   26.404]   info = core._register_object_by_index(type_index, cls)
[+   26.404] /opt/venv/lib/python3.12/site-packages/tvm_ffi/registry.py:85: UserWarning: Field 'span' in 'ir.FuncType' duplicates an ancestor field. Child types should not re-register inherited fields.
[+   26.404]   info = core._register_object_by_index(type_index, cls)
[+   26.404] /opt/venv/lib/python3.12/site-packages/tvm_ffi/registry.py:85: UserWarning: Field 'span' in 'ir.TensorMapType' duplicates an ancestor field. Child types should not re-register inherited fields.
[+   26.404]   info = core._register_object_by_index(type_index, cls)
[+   26.452] /opt/venv/lib/python3.12/site-packages/tvm_ffi/registry.py:85: UserWarning: Field 'name' in 'relax.TEPlaceholderOp' duplicates an ancestor field. Child types should not re-register inherited fields.
[+   26.452]   info = core._register_object_by_index(type_index, cls)
[+   26.452] /opt/venv/lib/python3.12/site-packages/tvm_ffi/registry.py:85: UserWarning: Field 'tag' in 'relax.TEPlaceholderOp' duplicates an ancestor field. Child types should not re-register inherited fields.
[+   26.452]   info = core._register_object_by_index(type_index, cls)
[+   26.452] /opt/venv/lib/python3.12/site-packages/tvm_ffi/registry.py:85: UserWarning: Field 'attrs' in 'relax.TEPlaceholderOp' duplicates an ancestor field. Child types should not re-register inherited fields.
[+   26.452]   info = core._register_object_by_index(type_index, cls)
[+   26.452] /opt/venv/lib/python3.12/site-packages/tvm_ffi/registry.py:85: UserWarning: Field 'shape' in 'relax.TEPlaceholderOp' duplicates an ancestor field. Child types should not re-register inherited fields.
[+   26.452]   info = core._register_object_by_index(type_index, cls)
[+   26.452] /opt/venv/lib/python3.12/site-packages/tvm_ffi/registry.py:85: UserWarning: Field 'dtype' in 'relax.TEPlaceholderOp' duplicates an ancestor field. Child types should not re-register inherited fields.
[+   26.452]   info = core._register_object_by_index(type_index, cls)
[+   26.599] [WARNING] Field "policy_type" in type "tl.GemmSPWarpPolicy" duplicates an ancestor field in "tl.GemmWarpPolicy". Child types should not re-register inherited fields.
[+   26.599] [WARNING] Field "m_warp" in type "tl.GemmSPWarpPolicy" duplicates an ancestor field in "tl.GemmWarpPolicy". Child types should not re-register inherited fields.
[+   26.599] [WARNING] Field "n_warp" in type "tl.GemmSPWarpPolicy" duplicates an ancestor field in "tl.GemmWarpPolicy". Child types should not re-register inherited fields.
[+   26.687] [WARNING] Field "span" in type "ir.TupleType" duplicates an ancestor field in "ir.Type". Child types should not re-register inherited fields.
[+   26.687] [WARNING] Field "span" in type "ir.FuncType" duplicates an ancestor field in "ir.Type". Child types should not re-register inherited fields.
[+   26.687] [WARNING] Field "span" in type "ir.TensorMapType" duplicates an ancestor field in "ir.Type". Child types should not re-register inherited fields.
[+   26.691] [WARNING] Field "binding_blocks" in type "script.ir_builder.relax.FunctionFrame" duplicates an ancestor field in "script.ir_builder.relax.SeqExprFrame". Child types should not re-register inherited fields.
[+   26.691] [WARNING] Field "output" in type "script.ir_builder.relax.FunctionFrame" duplicates an ancestor field in "script.ir_builder.relax.SeqExprFrame". Child types should not re-register inherited fields.
[+   26.722] /opt/venv/lib/python3.12/site-packages/tvm_ffi/registry.py:85: UserWarning: Field 'span' in 'ir.TupleType' duplicates an ancestor field. Child types should not re-register inherited fields.
[+   26.722]   info = core._register_object_by_index(type_index, cls)
[+   26.722] /opt/venv/lib/python3.12/site-packages/tvm_ffi/registry.py:85: UserWarning: Field 'span' in 'ir.FuncType' duplicates an ancestor field. Child types should not re-register inherited fields.
[+   26.722]   info = core._register_object_by_index(type_index, cls)
[+   26.722] /opt/venv/lib/python3.12/site-packages/tvm_ffi/registry.py:85: UserWarning: Field 'policy_type' in 'tl.GemmSPWarpPolicy' duplicates an ancestor field. Child types should not re-register inherited fields.
[+   26.722]   info = core._register_object_by_index(type_index, cls)
[+   26.722] /opt/venv/lib/python3.12/site-packages/tvm_ffi/registry.py:85: UserWarning: Field 'm_warp' in 'tl.GemmSPWarpPolicy' duplicates an ancestor field. Child types should not re-register inherited fields.
[+   26.722]   info = core._register_object_by_index(type_index, cls)
[+   26.722] /opt/venv/lib/python3.12/site-packages/tvm_ffi/registry.py:85: UserWarning: Field 'span' in 'ir.TensorMapType' duplicates an ancestor field. Child types should not re-register inherited fields.
[+   26.722]   info = core._register_object_by_index(type_index, cls)
[+   26.722] /opt/venv/lib/python3.12/site-packages/tvm_ffi/registry.py:85: UserWarning: Field 'n_warp' in 'tl.GemmSPWarpPolicy' duplicates an ancestor field. Child types should not re-register inherited fields.
[+   26.722]   info = core._register_object_by_index(type_index, cls)
[+   26.770] /opt/venv/lib/python3.12/site-packages/tvm_ffi/registry.py:85: UserWarning: Field 'name' in 'relax.TEPlaceholderOp' duplicates an ancestor field. Child types should not re-register inherited fields.
[+   26.770]   info = core._register_object_by_index(type_index, cls)
[+   26.770] /opt/venv/lib/python3.12/site-packages/tvm_ffi/registry.py:85: UserWarning: Field 'tag' in 'relax.TEPlaceholderOp' duplicates an ancestor field. Child types should not re-register inherited fields.
[+   26.770]   info = core._register_object_by_index(type_index, cls)
[+   26.770] /opt/venv/lib/python3.12/site-packages/tvm_ffi/registry.py:85: UserWarning: Field 'attrs' in 'relax.TEPlaceholderOp' duplicates an ancestor field. Child types should not re-register inherited fields.
[+   26.770]   info = core._register_object_by_index(type_index, cls)
[+   26.770] /opt/venv/lib/python3.12/site-packages/tvm_ffi/registry.py:85: UserWarning: Field 'shape' in 'relax.TEPlaceholderOp' duplicates an ancestor field. Child types should not re-register inherited fields.
[+   26.770]   info = core._register_object_by_index(type_index, cls)
[+   26.770] /opt/venv/lib/python3.12/site-packages/tvm_ffi/registry.py:85: UserWarning: Field 'dtype' in 'relax.TEPlaceholderOp' duplicates an ancestor field. Child types should not re-register inherited fields.
[+   26.770]   info = core._register_object_by_index(type_index, cls)
[+   26.922] [WARNING] Field "policy_type" in type "tl.GemmSPWarpPolicy" duplicates an ancestor field in "tl.GemmWarpPolicy". Child types should not re-register inherited fields.
[+   26.923] [WARNING] Field "m_warp" in type "tl.GemmSPWarpPolicy" duplicates an ancestor field in "tl.GemmWarpPolicy". Child types should not re-register inherited fields.
[+   26.923] [WARNING] Field "n_warp" in type "tl.GemmSPWarpPolicy" duplicates an ancestor field in "tl.GemmWarpPolicy". Child types should not re-register inherited fields.
[+   27.057] /opt/venv/lib/python3.12/site-packages/tvm_ffi/registry.py:85: UserWarning: Field 'policy_type' in 'tl.GemmSPWarpPolicy' duplicates an ancestor field. Child types should not re-register inherited fields.
[+   27.057]   info = core._register_object_by_index(type_index, cls)
[+   27.057] /opt/venv/lib/python3.12/site-packages/tvm_ffi/registry.py:85: UserWarning: Field 'm_warp' in 'tl.GemmSPWarpPolicy' duplicates an ancestor field. Child types should not re-register inherited fields.
[+   27.057]   info = core._register_object_by_index(type_index, cls)
[+   27.057] /opt/venv/lib/python3.12/site-packages/tvm_ffi/registry.py:85: UserWarning: Field 'n_warp' in 'tl.GemmSPWarpPolicy' duplicates an ancestor field. Child types should not re-register inherited fields.
[+   27.057]   info = core._register_object_by_index(type_index, cls)
[+   27.456] [WARNING] Field "[WARNING] Field "span" in type "ir.TupleTypespan" duplicates an ancestor field in "" in type "ir.TupleTypeir.Type" duplicates an ancestor field in "". Child types should not re-register inherited fields.ir.Type". Child types should not re-register inherited fields.
[+   27.456] 
[+   27.456] [WARNING] Field "[WARNING] Field "spanspan" in type "" in type "ir.FuncTypeir.FuncType" duplicates an ancestor field in "" duplicates an ancestor field in "ir.Typeir.Type". Child types should not re-register inherited fields.". Child types should not re-register inherited fields.
[+   27.456] 
[+   27.456] [WARNING] Field "[WARNING] Field "spanspan" in type "" in type "ir.TensorMapTypeir.TensorMapType" duplicates an ancestor field in "" duplicates an ancestor field in "ir.Typeir.Type". Child types should not re-register inherited fields.". Child types should not re-register inherited fields.
[+   27.456] 
[+   27.461] [WARNING] Field "[WARNING] Field "binding_blocks" in type "binding_blocksscript.ir_builder.relax.FunctionFrame" in type "" duplicates an ancestor field in "script.ir_builder.relax.SeqExprFramescript.ir_builder.relax.FunctionFrame". Child types should not re-register inherited fields." duplicates an ancestor field in "
[+   27.461] script.ir_builder.relax.SeqExprFrame[WARNING] Field "". Child types should not re-register inherited fields.output
[+   27.461] " in type "script.ir_builder.relax.FunctionFrame[WARNING] Field "" duplicates an ancestor field in "outputscript.ir_builder.relax.SeqExprFrame" in type "". Child types should not re-register inherited fields.script.ir_builder.relax.FunctionFrame
[+   27.461] " duplicates an ancestor field in "script.ir_builder.relax.SeqExprFrame". Child types should not re-register inherited fields.
[+   27.493] /opt/venv/lib/python3.12/site-packages/tvm_ffi/registry.py:85: UserWarning: Field 'span' in 'ir.TupleType' duplicates an ancestor field. Child types should not re-register inherited fields.
[+   27.493]   info = core._register_object_by_index(type_index, cls)
[+   27.493] /opt/venv/lib/python3.12/site-packages/tvm_ffi/registry.py:85: UserWarning: Field 'span' in 'ir.FuncType' duplicates an ancestor field. Child types should not re-register inherited fields.
[+   27.493]   info = core._register_object_by_index(type_index, cls)
[+   27.493] /opt/venv/lib/python3.12/site-packages/tvm_ffi/registry.py:85: UserWarning: Field 'span' in 'ir.TensorMapType' duplicates an ancestor field. Child types should not re-register inherited fields.
[+   27.493]   info = core._register_object_by_index(type_index, cls)
[+   27.493] /opt/venv/lib/python3.12/site-packages/tvm_ffi/registry.py:85: UserWarning: Field 'span' in 'ir.TupleType' duplicates an ancestor field. Child types should not re-register inherited fields.
[+   27.493]   info = core._register_object_by_index(type_index, cls)
[+   27.493] /opt/venv/lib/python3.12/site-packages/tvm_ffi/registry.py:85: UserWarning: Field 'span' in 'ir.FuncType' duplicates an ancestor field. Child types should not re-register inherited fields.
[+   27.493]   info = core._register_object_by_index(type_index, cls)
[+   27.493] /opt/venv/lib/python3.12/site-packages/tvm_ffi/registry.py:85: UserWarning: Field 'span' in 'ir.TensorMapType' duplicates an ancestor field. Child types should not re-register inherited fields.
[+   27.493]   info = core._register_object_by_index(type_index, cls)
[+   27.540] /opt/venv/lib/python3.12/site-packages/tvm_ffi/registry.py:85: UserWarning: Field 'name' in 'relax.TEPlaceholderOp' duplicates an ancestor field. Child types should not re-register inherited fields.
[+   27.540]   info = core._register_object_by_index(type_index, cls)
[+   27.540] /opt/venv/lib/python3.12/site-packages/tvm_ffi/registry.py:85: UserWarning: Field 'tag' in 'relax.TEPlaceholderOp' duplicates an ancestor field. Child types should not re-register inherited fields.
[+   27.540]   info = core._register_object_by_index(type_index, cls)
[+   27.540] /opt/venv/lib/python3.12/site-packages/tvm_ffi/registry.py:85: UserWarning: Field 'attrs' in 'relax.TEPlaceholderOp' duplicates an ancestor field. Child types should not re-register inherited fields.
[+   27.540]   info = core._register_object_by_index(type_index, cls)
[+   27.540] /opt/venv/lib/python3.12/site-packages/tvm_ffi/registry.py:85: UserWarning: Field 'shape' in 'relax.TEPlaceholderOp' duplicates an ancestor field. Child types should not re-register inherited fields.
[+   27.540]   info = core._register_object_by_index(type_index, cls)
[+   27.540] /opt/venv/lib/python3.12/site-packages/tvm_ffi/registry.py:85: UserWarning: Field 'dtype' in 'relax.TEPlaceholderOp' duplicates an ancestor field. Child types should not re-register inherited fields.
[+   27.540]   info = core._register_object_by_index(type_index, cls)
[+   27.540] /opt/venv/lib/python3.12/site-packages/tvm_ffi/registry.py:85: UserWarning: Field 'name' in 'relax.TEPlaceholderOp' duplicates an ancestor field. Child types should not re-register inherited fields.
[+   27.540]   info = core._register_object_by_index(type_index, cls)
[+   27.540] /opt/venv/lib/python3.12/site-packages/tvm_ffi/registry.py:85: UserWarning: Field 'tag' in 'relax.TEPlaceholderOp' duplicates an ancestor field. Child types should not re-register inherited fields.
[+   27.540]   info = core._register_object_by_index(type_index, cls)
[+   27.540] /opt/venv/lib/python3.12/site-packages/tvm_ffi/registry.py:85: UserWarning: Field 'attrs' in 'relax.TEPlaceholderOp' duplicates an ancestor field. Child types should not re-register inherited fields.
[+   27.540]   info = core._register_object_by_index(type_index, cls)
[+   27.540] /opt/venv/lib/python3.12/site-packages/tvm_ffi/registry.py:85: UserWarning: Field 'shape' in 'relax.TEPlaceholderOp' duplicates an ancestor field. Child types should not re-register inherited fields.
[+   27.540]   info = core._register_object_by_index(type_index, cls)
[+   27.540] /opt/venv/lib/python3.12/site-packages/tvm_ffi/registry.py:85: UserWarning: Field 'dtype' in 'relax.TEPlaceholderOp' duplicates an ancestor field. Child types should not re-register inherited fields.
[+   27.540]   info = core._register_object_by_index(type_index, cls)
[+   27.687] [WARNING] Field "[WARNING] Field "policy_typepolicy_type" in type "" in type "tl.GemmSPWarpPolicytl.GemmSPWarpPolicy" duplicates an ancestor field in "" duplicates an ancestor field in "tl.GemmWarpPolicytl.GemmWarpPolicy". Child types should not re-register inherited fields.". Child types should not re-register inherited fields.
[+   27.687] 
[+   27.688] [WARNING] Field "[WARNING] Field "m_warpm_warp" in type "" in type "tl.GemmSPWarpPolicytl.GemmSPWarpPolicy" duplicates an ancestor field in "" duplicates an ancestor field in "tl.GemmWarpPolicytl.GemmWarpPolicy". Child types should not re-register inherited fields.". Child types should not re-register inherited fields.
[+   27.688] [WARNING] Field "
[+   27.688] n_warp[WARNING] Field "" in type "n_warptl.GemmSPWarpPolicy" in type "" duplicates an ancestor field in "tl.GemmWarpPolicytl.GemmSPWarpPolicy". Child types should not re-register inherited fields." duplicates an ancestor field in "
[+   27.688] tl.GemmWarpPolicy". Child types should not re-register inherited fields.
[+   27.838] /opt/venv/lib/python3.12/site-packages/tvm_ffi/registry.py:85: UserWarning: Field 'policy_type' in 'tl.GemmSPWarpPolicy' duplicates an ancestor field. Child types should not re-register inherited fields.
[+   27.838]   info = core._register_object_by_index(type_index, cls)
[+   27.838] /opt/venv/lib/python3.12/site-packages/tvm_ffi/registry.py:85: UserWarning: Field 'm_warp' in 'tl.GemmSPWarpPolicy' duplicates an ancestor field. Child types should not re-register inherited fields.
[+   27.838]   info = core._register_object_by_index(type_index, cls)
[+   27.838] /opt/venv/lib/python3.12/site-packages/tvm_ffi/registry.py:85: UserWarning: Field 'n_warp' in 'tl.GemmSPWarpPolicy' duplicates an ancestor field. Child types should not re-register inherited fields.
[+   27.838]   info = core._register_object_by_index(type_index, cls)
[+   28.221] /opt/venv/lib/python3.12/site-packages/tvm_ffi/registry.py:85: UserWarning: Field 'policy_type' in 'tl.GemmSPWarpPolicy' duplicates an ancestor field. Child types should not re-register inherited fields.
[+   28.221]   info = core._register_object_by_index(type_index, cls)
[+   28.221] /opt/venv/lib/python3.12/site-packages/tvm_ffi/registry.py:85: UserWarning: Field 'm_warp' in 'tl.GemmSPWarpPolicy' duplicates an ancestor field. Child types should not re-register inherited fields.
[+   28.221]   info = core._register_object_by_index(type_index, cls)
[+   28.221] /opt/venv/lib/python3.12/site-packages/tvm_ffi/registry.py:85: UserWarning: Field 'n_warp' in 'tl.GemmSPWarpPolicy' duplicates an ancestor field. Child types should not re-register inherited fields.
[+   28.221]   info = core._register_object_by_index(type_index, cls)
[+   30.474] ERROR 07-26 03:48:37 [config.py:29] Failed to import Triton kernels. Please make sure your triton version is compatible. Error: No module named 'triton_kernels.matmul_ogs'
[+   30.546] INFO 07-26 03:48:37 [nixl_utils.py:20] Setting UCX_RCACHE_MAX_UNRELEASED to '1024' to avoid a rare memory leak in UCX when using NIXL.
[+   30.546] WARNING 07-26 03:48:37 [nixl_utils.py:34] NIXL is not available
[+   30.547] WARNING 07-26 03:48:37 [nixl_utils.py:44] NIXL agent config is not available
[+   30.685] /opt/venv/lib/python3.12/site-packages/modelopt/torch/__init__.py:53: UserWarning: transformers>=5.0 support is experimental. Unified Hugging Face checkpoint export for quantized checkpoints may not work for some models yet.
[+   30.685]   _warnings.warn(
[+   30.798] ERROR 07-26 03:48:37 [config.py:29] Failed to import Triton kernels. Please make sure your triton version is compatible. Error: No module named 'triton_kernels.matmul_ogs'
[+   30.870] INFO 07-26 03:48:37 [nixl_utils.py:20] Setting UCX_RCACHE_MAX_UNRELEASED to '1024' to avoid a rare memory leak in UCX when using NIXL.
[+   30.870] WARNING 07-26 03:48:37 [nixl_utils.py:34] NIXL is not available
[+   30.870] WARNING 07-26 03:48:37 [nixl_utils.py:44] NIXL agent config is not available
[+   31.016] /opt/venv/lib/python3.12/site-packages/modelopt/torch/__init__.py:53: UserWarning: transformers>=5.0 support is experimental. Unified Hugging Face checkpoint export for quantized checkpoints may not work for some models yet.
[+   31.016]   _warnings.warn(
[+   31.462] /opt/Megatron-Bridge/3rdparty/Megatron-LM/megatron/core/models/mimo/config/base_configs.py:12: UserWarning: MimoModelConfig is experimental and still under active development. The API may change without notice in future releases.
[+   31.462]   class MimoModelConfig:
[+   31.792] /opt/Megatron-Bridge/3rdparty/Megatron-LM/megatron/core/models/mimo/config/base_configs.py:12: UserWarning: MimoModelConfig is experimental and still under active development. The API may change without notice in future releases.
[+   31.792]   class MimoModelConfig:
[+   31.820] ERROR 07-26 03:48:38 [config.py:29] Failed to import Triton kernels. Please make sure your triton version is compatible. Error: No module named 'triton_kernels.matmul_ogs'
[+   31.833] ERROR 07-26 03:48:38 [config.py:29] Failed to import Triton kernels. Please make sure your triton version is compatible. Error: No module named 'triton_kernels.matmul_ogs'
[+   31.875] [transformers] `torch_dtype` is deprecated! Use `dtype` instead!
[+   31.895] INFO 07-26 03:48:38 [nixl_utils.py:20] Setting UCX_RCACHE_MAX_UNRELEASED to '1024' to avoid a rare memory leak in UCX when using NIXL.
[+   31.896] WARNING 07-26 03:48:38 [nixl_utils.py:34] NIXL is not available
[+   31.896] WARNING 07-26 03:48:38 [nixl_utils.py:44] NIXL agent config is not available
[+   31.910] INFO 07-26 03:48:38 [nixl_utils.py:20] Setting UCX_RCACHE_MAX_UNRELEASED to '1024' to avoid a rare memory leak in UCX when using NIXL.
[+   31.910] WARNING 07-26 03:48:38 [nixl_utils.py:34] NIXL is not available
[+   31.911] WARNING 07-26 03:48:38 [nixl_utils.py:44] NIXL agent config is not available
[+   32.026] /opt/Megatron-Bridge/3rdparty/Megatron-LM/megatron/core/transformer/transformer_config.py:2191: UserWarning: full scope is deprecated. Use empty cuda_graph_modules to capture the whole layer.
[+   32.026]   warnings.warn(
[+   32.026] /opt/Megatron-Bridge/src/megatron/bridge/training/config.py:1700: UserWarning: TrainingConfig.eval_iters is deprecated and will be removed in a future release. Use ValidationConfig.eval_iters instead.
[+   32.026]   cfg.validate()
[+   32.026] /opt/Megatron-Bridge/src/megatron/bridge/training/config.py:1700: UserWarning: TrainingConfig.eval_interval is deprecated and will be removed in a future release. Use ValidationConfig.eval_interval instead.
[+   32.026]   cfg.validate()
[+   32.031] /opt/venv/lib/python3.12/site-packages/modelopt/torch/__init__.py:53: UserWarning: transformers>=5.0 support is experimental. Unified Hugging Face checkpoint export for quantized checkpoints may not work for some models yet.
[+   32.031]   _warnings.warn(
[+   32.052] /opt/venv/lib/python3.12/site-packages/modelopt/torch/__init__.py:53: UserWarning: transformers>=5.0 support is experimental. Unified Hugging Face checkpoint export for quantized checkpoints may not work for some models yet.
[+   32.052]   _warnings.warn(
[+   32.074] Warning: You are sending unauthenticated requests to the HF Hub. Please set a HF_TOKEN to enable higher rate limits and faster downloads.
[+   32.074] WARNING:huggingface_hub.utils._http:Warning: You are sending unauthenticated requests to the HF Hub. Please set a HF_TOKEN to enable higher rate limits and faster downloads.
[+   32.159] [transformers] `torch_dtype` is deprecated! Use `dtype` instead!
[+   32.233] /opt/Megatron-Bridge/3rdparty/Megatron-LM/megatron/core/transformer/transformer_config.py:2191: UserWarning: full scope is deprecated. Use empty cuda_graph_modules to capture the whole layer.
[+   32.233]   warnings.warn(
[+   32.234] /opt/Megatron-Bridge/src/megatron/bridge/training/config.py:1700: UserWarning: TrainingConfig.eval_iters is deprecated and will be removed in a future release. Use ValidationConfig.eval_iters instead.
[+   32.234]   cfg.validate()
[+   32.234] /opt/Megatron-Bridge/src/megatron/bridge/training/config.py:1700: UserWarning: TrainingConfig.eval_interval is deprecated and will be removed in a future release. Use ValidationConfig.eval_interval instead.
[+   32.234]   cfg.validate()
[+   32.828] /opt/Megatron-Bridge/3rdparty/Megatron-LM/megatron/core/models/mimo/config/base_configs.py:12: UserWarning: MimoModelConfig is experimental and still under active development. The API may change without notice in future releases.
[+   32.828]   class MimoModelConfig:
[+   32.834] /opt/Megatron-Bridge/3rdparty/Megatron-LM/megatron/core/models/mimo/config/base_configs.py:12: UserWarning: MimoModelConfig is experimental and still under active development. The API may change without notice in future releases.
[+   32.834]   class MimoModelConfig:
[+   33.113] Warning: You are sending unauthenticated requests to the HF Hub. Please set a HF_TOKEN to enable higher rate limits and faster downloads.
[+   33.113] WARNING:huggingface_hub.utils._http:Warning: You are sending unauthenticated requests to the HF Hub. Please set a HF_TOKEN to enable higher rate limits and faster downloads.
[+   33.196] [transformers] `torch_dtype` is deprecated! Use `dtype` instead!
[+   33.269] /opt/Megatron-Bridge/3rdparty/Megatron-LM/megatron/core/transformer/transformer_config.py:2191: UserWarning: full scope is deprecated. Use empty cuda_graph_modules to capture the whole layer.
[+   33.269]   warnings.warn(
[+   33.269] /opt/Megatron-Bridge/src/megatron/bridge/training/config.py:1700: UserWarning: TrainingConfig.eval_iters is deprecated and will be removed in a future release. Use ValidationConfig.eval_iters instead.
[+   33.269]   cfg.validate()
[+   33.269] /opt/Megatron-Bridge/src/megatron/bridge/training/config.py:1700: UserWarning: TrainingConfig.eval_interval is deprecated and will be removed in a future release. Use ValidationConfig.eval_interval instead.
[+   33.269]   cfg.validate()
[+   33.316] Warning: You are sending unauthenticated requests to the HF Hub. Please set a HF_TOKEN to enable higher rate limits and faster downloads.
[+   33.316] WARNING:huggingface_hub.utils._http:Warning: You are sending unauthenticated requests to the HF Hub. Please set a HF_TOKEN to enable higher rate limits and faster downloads.
[+   33.403] [transformers] `torch_dtype` is deprecated! Use `dtype` instead!
[+   33.403] WARNING:megatron.bridge.training.flex_dispatcher_backend:DeepEP is only applicable to Ampere, Hopper, and Blackwell (B200/B300) GPUs. Current GPU: NVIDIA GB300. Skipping DeepEP configuration.
[+   33.480] /tmp/hy3_pretrain.py:285: UserWarning: Function 'pretrain' is experimental. APIs in this module are subject to change without notice.
[+   33.480]   pretrain(config=cfg, forward_step_func=forward_step)
[+   33.481] /opt/Megatron-Bridge/3rdparty/Megatron-LM/megatron/core/transformer/transformer_config.py:2191: UserWarning: full scope is deprecated. Use empty cuda_graph_modules to capture the whole layer.
[+   33.481]   warnings.warn(
[+   33.482] /opt/Megatron-Bridge/src/megatron/bridge/training/config.py:1700: UserWarning: TrainingConfig.eval_iters is deprecated and will be removed in a future release. Use ValidationConfig.eval_iters instead.
[+   33.482]   cfg.validate()
[+   33.482] /opt/Megatron-Bridge/src/megatron/bridge/training/config.py:1700: UserWarning: TrainingConfig.eval_interval is deprecated and will be removed in a future release. Use ValidationConfig.eval_interval instead.
[+   33.482]   cfg.validate()
[+   33.482] ==========================================================================
[+   33.482] Hy3 295B | 256 GPU | TP1 PP4 VPP2 EP32 | MBS2 GBS8192 | fp8_mx
[+   33.482]   层数 80 (dense 1 + MoE 79)  hidden 4096  GQA 64Q/8KV x 128
[+   33.482]   MoE 192 experts top-8 ffn 1536 shared 1536
[+   33.482]   路由 sigmoid + expert_bias=True (rate 0.001) lb=none scale 2.826
[+   33.482]   dispatcher flex/hybridep  graph full_iteration  paged_stash True
[+   33.482]   MTP None  pp_layout Et*10|(t*10|)*6t*10L
[+   33.482]   DP=64  microbatch/rank=64  专家参数 286.3B (每 rank 2.24B)
[+   33.482]   env NUM_OF_HYBRID_EP_RANKS_PER_NVLINK_DOMAIN=32 (须 == EP 32)
[+   33.482] ==========================================================================
[+   33.482] 
[+   33.482] ======================================================================
[+   33.482] Configuration Summary (Non-Default Values vs Megatron Core)
[+   33.482] ======================================================================
[+   33.482] 
[+   33.482] [optimizer] Non-default values (vs Mcore OptimizerConfig):
[+   33.482]   adam_beta2: 0.95  (Mcore default: 0.999)
[+   33.482]   bf16: True  (Mcore default: False)
[+   33.482]   fp8_recipe: 'mxfp8'  (Mcore default: None)
[+   33.482]   lr: 0.0003  (Mcore default: None)
[+   33.482]   min_lr: 3e-05  (Mcore default: None)
[+   33.482]   overlap_param_gather: True  (Mcore default: False)
[+   33.482]   params_dtype: torch.bfloat16  (Mcore default: torch.float32)
[+   33.482]   reuse_grad_buf_for_mxfp8_param_ag: True  (Mcore default: False)
[+   33.482]   use_distributed_optimizer: True  (Mcore default: False)
[+   33.482]   weight_decay: 0.1  (Mcore default: 0.01)
[+   33.482] 
[+   33.482] [ddp] Non-default values (vs Mcore DistributedDataParallelConfig):
[+   33.482]   align_param_gather: True  (Mcore default: False)
[+   33.482]   average_in_collective: True  (Mcore default: False)
[+   33.482]   bucket_size: 134217728  (Mcore default: None)
[+   33.482]   data_parallel_sharding_strategy: 'optim_grads_params'  (Mcore default: 'no_shard')
[+   33.482]   delay_wgrad_compute: True  (Mcore default: False)
[+   33.482]   fp8_param_gather: True  (Mcore default: False)
[+   33.482]   overlap_grad_reduce: True  (Mcore default: False)
[+   33.482]   overlap_param_gather: True  (Mcore default: False)
[+   33.482]   reuse_grad_buf_for_mxfp8_param_ag: True  (Mcore default: False)
[+   33.482]   use_distributed_optimizer: True  (Mcore default: False)
[+   33.482] 
[+   33.482] [model] Non-default values (vs Mcore TransformerConfig):
[+   33.482]   add_bias_linear: False  (Mcore default: True)
[+   33.482]   apply_rope_fusion: True  (Mcore default: False)
[+   33.482]   attention_backend: None  (Mcore default: <AttnBackend.auto: 5>)
[+   33.482]   attention_dropout: 0.0  (Mcore default: 0.1)
[+   33.482]   attention_softmax_in_fp32: False  (Mcore default: True)
[+   33.482]   autocast_dtype: torch.bfloat16  (Mcore default: None)
[+   33.482]   batch_p2p_comm: False  (Mcore default: True)
[+   33.482]   bf16: True  (Mcore default: False)
[+   33.482]   cross_entropy_fusion_impl: 'te'  (Mcore default: 'native')
[+   33.482]   cross_entropy_loss_fusion: True  (Mcore default: False)
[+   33.482]   cuda_graph_impl: 'full_iteration'  (Mcore default: 'none')
[+   33.482]   cuda_graph_modules: []  (Mcore default: 'full')
[+   33.482]   deallocate_pipeline_outputs: True  (Mcore default: False)
[+   33.482]   delay_wgrad_compute: True  (Mcore default: False)
[+   33.483]   embedding_init_method_std: 0.02  (Mcore default: None)
[+   33.483]   expert_model_parallel_size: 32  (Mcore default: 1)
[+   33.483]   expert_tensor_parallel_size: 1  (Mcore default: None)
[+   33.483]   ffn_hidden_size: 13312  (Mcore default: None)
[+   33.483]   fp8: 'e4m3'  (Mcore default: None)
[+   33.483]   fp8_output_proj: True  (Mcore default: False)
[+   33.483]   fp8_param: True  (Mcore default: False)
[+   33.483]   fp8_recipe: 'mxfp8'  (Mcore default: 'delayed')
[+   33.483]   gated_linear_unit: True  (Mcore default: False)
[+   33.483]   gradient_accumulation_fusion: True  (Mcore default: False)
[+   33.483]   hidden_dropout: 0.0  (Mcore default: 0.1)
[+   33.483]   hidden_size: 4096  (Mcore default: 0)
[+   33.483]   high_priority_a2a_comm_stream: True  (Mcore default: False)
[+   33.483]   inference_cuda_graph_scope: <InferenceCudaGraphScope.none: 1>  (Mcore default: None)
[+   33.483]   kv_channels: 128  (Mcore default: None)
[+   33.483]   layernorm_epsilon: 1e-06  (Mcore default: 1e-05)
[+   33.483]   masked_softmax_fusion: True  (Mcore default: False)
[+   33.483]   microbatch_group_size_per_vp_stage: 4  (Mcore default: None)
[+   33.483]   moe_expert_rank_capacity_factor: 1.5  (Mcore default: None)
[+   33.483]   moe_ffn_hidden_size: 1536  (Mcore default: None)
[+   33.483]   moe_flex_dispatcher_backend: 'hybridep'  (Mcore default: 'deepep')
[+   33.483]   moe_grouped_gemm: True  (Mcore default: False)
[+   33.483]   moe_hybridep_num_sms: 16  (Mcore default: None)
[+   33.483]   moe_hybridep_num_sms_preprocessing: 32  (Mcore default: 108)
[+   33.483]   moe_layer_freq: [0, 1, 1, 1, 1, 1, 1, 1, 1, 1, 1, 1, 1, 1, 1, 1, 1, 1, 1, 1, 1, 1, 1, 1, 1, 1, 1, 1, 1, 1, 1, 1, 1, 1, 1, 1, 1, 1, 1, 1, 1, 1, 1, 1, 1, 1, 1, 1, 1, 1, 1, 1, 1, 1, 1, 1, 1, 1, 1, 1, 1, 1, 1, 1, 1, 1, 1, 1, 1, 1, 1, 1, 1, 1, 1, 1, 1, 1, 1, 1]  (Mcore default: 1)
[+   33.483]   moe_mlp_glu_interleave_size: 32  (Mcore default: None)
[+   33.483]   moe_pad_experts_for_cuda_graph_inference: True  (Mcore default: False)
[+   33.483]   moe_paged_stash: True  (Mcore default: False)
[+   33.483]   moe_paged_stash_buffer_size_factor_cpu: 1.0  (Mcore default: 0.0)
[+   33.483]   moe_paged_stash_buffer_size_factor_cuda: 1.2  (Mcore default: 1.1)
[+   33.483]   moe_permute_fusion: True  (Mcore default: False)
[+   33.483]   moe_router_dtype: 'fp32'  (Mcore default: None)
[+   33.483]   moe_router_enable_expert_bias: True  (Mcore default: False)
[+   33.483]   moe_router_force_load_balancing: True  (Mcore default: False)
[+   33.483]   moe_router_fusion: True  (Mcore default: False)
[+   33.483]   moe_router_load_balancing_type: 'none'  (Mcore default: 'aux_loss')
[+   33.483]   moe_router_score_function: 'sigmoid'  (Mcore default: 'softmax')
[+   33.483]   moe_router_topk: 8  (Mcore default: 2)
[+   33.483]   moe_router_topk_scaling_factor: 2.826  (Mcore default: None)
[+   33.483]   moe_shared_expert_intermediate_size: 1536  (Mcore default: None)
[+   33.483]   moe_token_dispatcher_type: 'flex'  (Mcore default: 'allgather')
[+   33.483]   normalization: 'RMSNorm'  (Mcore default: 'LayerNorm')
[+   33.483]   num_attention_heads: 64  (Mcore default: 0)
[+   33.483]   num_layers: 80  (Mcore default: 0)
[+   33.483]   num_layers_at_end_in_bf16: 0  (Mcore default: 1)
[+   33.483]   num_layers_at_start_in_bf16: 0  (Mcore default: 1)
[+   33.483]   num_moe_experts: 192  (Mcore default: None)
[+   33.483]   num_query_groups: 8  (Mcore default: None)
[+   33.483]   overlap_moe_expert_parallel_comm: True  (Mcore default: False)
[+   33.483]   overlap_p2p_comm: True  (Mcore default: False)
[+   33.483]   params_dtype: torch.bfloat16  (Mcore default: torch.float32)
[+   33.483]   pipeline_dtype: torch.bfloat16  (Mcore default: None)
[+   33.483]   pipeline_model_parallel_layout: Et*10|(t*10|)*6t*10L  (Mcore default: None)
[+   33.483]   pipeline_model_parallel_size: 4  (Mcore default: 1)
[+   33.483]   qk_layernorm: True  (Mcore default: False)
[+   33.483]   recompute_granularity: 'selective'  (Mcore default: None)
[+   33.483]   recompute_modules: []  (Mcore default: None)
[+   33.483]   use_te_rng_tracker: True  (Mcore default: False)
[+   33.483]   use_transformer_engine_op_fuser: True  (Mcore default: False)
[+   33.483]   virtual_pipeline_model_parallel_size: 2  (Mcore default: None)
[+   33.483]   wgrad_deferral_limit: -1  (Mcore default: 0)
[+   33.483] 
[+   33.483] ----------------------------------------------------------------------
[+   33.483] Other Configuration Values:
[+   33.483] ----------------------------------------------------------------------
[+   33.483] 
[+   33.483] [train]:
[+   33.483]   check_optimizer_step_success: True
[+   33.483]   decrease_batch_size_if_needed: False
[+   33.483]   empty_unused_memory_level: 0
[+   33.483]   eval_interval: 9
[+   33.483]   eval_iters: 0
[+   33.483]   exit_signal: <Signals.SIGTERM: 15>
[+   33.483]   exit_signal_handler: False
[+   33.483]   exit_signal_handler_for_dataloader: False
[+   33.483]   exit_signal_handler_for_training: False
[+   33.483]   global_batch_size: 8192
[+   33.483]   iterations_to_skip: []
[+   33.483]   manual_gc: True
[+   33.483]   manual_gc_eval: 100
[+   33.483]   manual_gc_interval: 100
[+   33.483]   micro_batch_size: 2
[+   33.483]   skip_sync_grad_norm_across_mp: False
[+   33.483]   train_iters: 8
[+   33.483] 
[+   33.483] [validation]:
[+   33.483]   eval_global_batch_size: 8192
[+   33.483]   eval_interval: 9
[+   33.483]   eval_iters: 0
[+   33.483]   eval_micro_batch_size: 2
[+   33.483]   full_validation: False
[+   33.483]   multiple_validation_sets: False
[+   33.483]   skip_train: False
[+   33.483]   test_mode: False
[+   33.483] 
[+   33.483] [scheduler]:
[+   33.483]   end_weight_decay: 0.033
[+   33.483]   lr_decay_iters: 50
[+   33.483]   lr_decay_steps: 409600
[+   33.483]   lr_decay_style: 'cosine'
[+   33.483]   lr_warmup_init: 0.0
[+   33.483]   lr_warmup_iters: 10
[+   33.483]   lr_warmup_samples: 0
[+   33.483]   lr_warmup_steps: 81920
[+   33.483]   lr_wsd_decay_style: 'minus_sqrt'
[+   33.483]   override_opt_param_scheduler: True
[+   33.483]   start_weight_decay: 0.033
[+   33.483]   use_checkpoint_opt_param_scheduler: False
[+   33.483]   wd_incr_steps: 65536
[+   33.483]   weight_decay_incr_style: 'constant'
[+   33.483] 
[+   33.483] [dataset]:
[+   33.483]   add_extra_token_to_sequence: True
[+   33.483]   allow_ambiguous_pad_tokens: False
[+   33.483]   create_attention_mask: True
[+   33.483]   data_parallel_size: 1
[+   33.483]   data_sharding: True
[+   33.483]   dataloader_type: 'single'
[+   33.483]   defer_npy_index_mmap: False
[+   33.483]   drop_last: True
[+   33.483]   drop_last_partial_validation_sequence: True
[+   33.483]   eod_mask_loss: False
[+   33.483]   fast_cache_load: False
[+   33.483]   hybrid_context_parallel: False
[+   33.483]   mid_level_dataset_surplus: 0.005
[+   33.483]   mmap_bin_files: True
[+   33.483]   mock: True
[+   33.483]   num_dataset_builder_threads: 1
[+   33.483]   num_workers: 8
[+   33.483]   persistent_workers: True
[+   33.483]   pin_memory: True
[+   33.483]   random_seed: 1234
[+   33.483]   reset_attention_mask: False
[+   33.483]   reset_position_ids: False
[+   33.483]   sequence_length: 4096
[+   33.483]   sequence_parallel_size: 0
[+   33.483]   split: '1,1,1'
[+   33.483]   split_matrix: [(0, 0.3333333333333333), (0.3333333333333333, 0.6666666666666666), (0.6666666666666666, 1.0)]
[+   33.483] 
[+   33.483] [checkpoint]:
[+   33.483]   async_ckpt_cpu_priority: 10
[+   33.483]   async_ckpt_io_priority: 3
[+   33.483]   async_ckpt_use_cpu_shm: False
[+   33.483]   async_save: False
[+   33.483]   async_strategy: 'mcore'
[+   33.483]   async_write_results_mp_mode: 'fork'
[+   33.483]   auto_detect_ckpt_format: False
[+   33.483]   ckpt_assume_constant_structure: False
[+   33.483]   ckpt_convert_update_legacy_dist_opt_format: False
[+   33.483]   ckpt_format: 'torch_dist'
[+   33.483]   ckpt_fully_parallel_load_exchange_algo: 'broadcast'
[+   33.483]   ckpt_fully_parallel_load_process_group: 'dp'
[+   33.483]   ckpt_fully_parallel_save_process_group: 'dp'
[+   33.483]   ckpt_load_validate_sharding_integrity: True
[+   33.483]   dist_ckpt_optim_fully_reshardable: False
[+   33.483]   dist_ckpt_save_pre_mcore_014: False
[+   33.483]   dist_ckpt_strictness: 'assume_ok_unexpected'
[+   33.483]   dist_ckpt_workers: 1
[+   33.483]   distrib_optim_fully_reshardable_mem_efficient: False
[+   33.483]   exit_on_missing_checkpoint: False
[+   33.483]   finetune: False
[+   33.483]   fully_parallel_load: False
[+   33.483]   fully_parallel_save: True
[+   33.483]   load: '/opt/Megatron-Bridge/nemo_experiments/default/checkpoints'
[+   33.483]   load_main_params_from_ckpt: False
[+   33.483]   load_optim: True
[+   33.483]   load_rng: True
[+   33.483]   most_recent_k: -1
[+   33.483]   non_persistent_local_ckpt_algo: 'fully_parallel'
[+   33.483]   replication: False
[+   33.483]   replication_factor: 2
[+   33.483]   save_optim: True
[+   33.483]   save_rng: True
[+   33.483]   save_tokenizer_assets: True
[+   33.483]   storage_writers_per_rank: 1
[+   33.483]   strict_fsdp_dtensor_load: False
[+   33.483]   use_checkpoint_args: False
[+   33.483]   use_mp_args_from_checkpoint_args: False
[+   33.483]   use_persistent_ckpt_worker: True
[+   33.483]   use_tokenizer_model_from_checkpoint_args: True
[+   33.483]   verify_integrity: False
[+   33.483] 
[+   33.483] [logger]:
[+   33.483]   barrier_with_L1_time: True
[+   33.483]   filter_warnings: True
[+   33.483]   log_device_memory_used: False
[+   33.483]   log_energy: False
[+   33.483]   log_interval: 1
[+   33.483]   log_l2_norm_grad_to_tensorboard: False
[+   33.483]   log_loss_scale_to_tensorboard: True
[+   33.483]   log_max_attention_logit: False
[+   33.483]   log_memory_to_tensorboard: False
[+   33.483]   log_num_zeros_in_grad: False
[+   33.483]   log_params_norm: False
[+   33.483]   log_progress: False
[+   33.483]   log_runtime_to_tensorboard: False
[+   33.483]   log_throughput: True
[+   33.483]   log_throughput_to_tensorboard: False
[+   33.483]   log_timers_to_tensorboard: True
[+   33.483]   log_validation_ppl_to_tensorboard: False
[+   33.483]   log_world_size_to_tensorboard: False
[+   33.483]   logging_level: 20
[+   33.483]   mlflow_log_artifacts: True
[+   33.483]   runtime_time_unit: 'hours'
[+   33.483]   set_level_for_all_loggers: False
[+   33.483]   skip_train_metrics_log: False
[+   33.483]   tensorboard_log_interval: 1
[+   33.483]   tensorboard_queue_size: 1000
[+   33.483]   throughput_window_size: 100
[+   33.483]   timing_log_level: 0
[+   33.483]   timing_log_option: 'minmax'
[+   33.483] 
[+   33.483] [tokenizer]:
[+   33.483]   force_system_message: False
[+   33.483]   hf_tokenizer_kwargs: {}
[+   33.483]   make_vocab_size_divisible_by: 1
[+   33.483]   null_tokenizer_pad_id: -1
[+   33.483]   pad_vocab_size: False
[+   33.483]   rank: 0
[+   33.483]   sp_tokenizer_kwargs: {}
[+   33.483]   tensor_model_parallel_size: 1
[+   33.483]   tiktoken_num_special_tokens: 1000
[+   33.483]   tokenizer_hf_no_include_special_tokens: False
[+   33.483]   tokenizer_hf_no_use_fast: False
[+   33.483]   tokenizer_sentencepiece_ignore_extra_whitespaces: True
[+   33.483]   tokenizer_sentencepiece_legacy: False
[+   33.483]   tokenizer_type: 'NullTokenizer'
[+   33.483]   trust_remote_code: False
[+   33.483]   vocab_extra_ids: 0
[+   33.483]   vocab_size: 120832
[+   33.483] 
[+   33.483] [rng]:
[+   33.483]   data_parallel_random_init: False
[+   33.483]   inference_rng_tracker: False
[+   33.483]   seed: 1234
[+   33.483]   te_rng_tracker: True
[+   33.483] 
[+   33.483] ======================================================================
[+   33.495] INFO:megatron.core.num_microbatches_calculator:setting number of microbatches to constant 64
[+   33.495] > initializing torch distributed ...
[+   55.707] make: Entering directory '/opt/Megatron-Bridge/3rdparty/Megatron-LM/megatron/core/datasets'
[+   55.948] g++ -O3 -Wall -shared -std=c++17 -fPIC -fdiagnostics-color -I/usr/include/python3.12 -I/opt/venv/lib/python3.12/site-packages/pybind11/include helpers.cpp -o helpers_cpp.cpython-312-aarch64-linux-gnu.so
[+   61.613] make: Leaving directory '/opt/Megatron-Bridge/3rdparty/Megatron-LM/megatron/core/datasets'
[+   61.613] > initialized tensor model parallel with size 1
[+   61.613] > initialized pipeline model parallel with size 4
[+   61.613] > setting random seeds to 1234 ...
[+   61.613] > compiling dataset index builder ...
[+   61.613] >>> done with dataset index builder. Compilation time: 5.909 seconds
[+   61.614] /usr/local/lib/python3.12/dist-packages/torch/distributed/c10d_logger.py:83: UserWarning: barrier(): using the device under current context. You can specify `device_id` in `init_process_group` to mute this warning.
[+   61.614]   return func(*args, **kwargs)
[+   63.459] /usr/local/lib/python3.12/dist-packages/torch/utils/_config_module.py:540: FutureWarning: torch._dynamo.config.skip_code_recursive_on_recompile_limit_hit is deprecated and does not do anything. It will be removed in a future version of PyTorch.
[+   63.459]   config[key] = copy.deepcopy(getattr(self, key))
[+   63.515] /usr/local/lib/python3.12/dist-packages/torch/utils/_config_module.py:540: FutureWarning: torch._dynamo.config.skip_code_recursive_on_recompile_limit_hit is deprecated and does not do anything. It will be removed in a future version of PyTorch.
[+   63.515]   config[key] = copy.deepcopy(getattr(self, key))
[+   63.882] /usr/local/lib/python3.12/dist-packages/torch/utils/_config_module.py:540: FutureWarning: torch._dynamo.config.skip_code_recursive_on_recompile_limit_hit is deprecated and does not do anything. It will be removed in a future version of PyTorch.
[+   63.882]   config[key] = copy.deepcopy(getattr(self, key))
[+   63.923] /usr/local/lib/python3.12/dist-packages/torch/utils/_config_module.py:540: FutureWarning: torch._dynamo.config.skip_code_recursive_on_recompile_limit_hit is deprecated and does not do anything. It will be removed in a future version of PyTorch.
[+   63.923]   config[key] = copy.deepcopy(getattr(self, key))
[+   65.002] time to initialize megatron (seconds): 32.976
[+   65.002] /usr/local/lib/python3.12/dist-packages/torch/distributed/c10d_logger.py:83: UserWarning: barrier(): using the device under current context. You can specify `device_id` in `init_process_group` to mute this warning.
[+   65.002]   return func(*args, **kwargs)
[+   65.003] [after megatron is initialized] datetime: 2026-07-26 03:49:11 
[+   65.004] /opt/Megatron-Bridge/src/megatron/bridge/utils/common_utils.py:110: UserWarning: `build_tokenizer` is deprecated and will be removed soon. Please, use `megatron.core.tokenizers.utils.build_tokenizer` instead.
[+   65.004]   warnings.warn(message)
[+   65.020] [after tokenizer is built] datetime: 2026-07-26 03:49:11 
[+   65.020] /opt/Megatron-Bridge/3rdparty/Megatron-LM/megatron/core/models/gpt/gpt_layer_specs.py:216: UserWarning: The fp8 argument in "get_gpt_layer_with_transformer_engine_spec" has been deprecated and will be removed soon. Please update your code accordingly.
[+   65.020]   warnings.warn(
[+   65.020] /opt/Megatron-Bridge/3rdparty/Megatron-LM/megatron/core/models/gpt/gpt_layer_specs.py:216: UserWarning: The fp8 argument in "get_gpt_layer_with_transformer_engine_spec" has been deprecated and will be removed soon. Please update your code accordingly.
[+   65.020]   warnings.warn(
[+   65.020] /opt/Megatron-Bridge/3rdparty/Megatron-LM/megatron/core/models/gpt/gpt_layer_specs.py:216: UserWarning: The fp8 argument in "get_gpt_layer_with_transformer_engine_spec" has been deprecated and will be removed soon. Please update your code accordingly.
[+   65.020]   warnings.warn(
[+   65.020] /opt/Megatron-Bridge/3rdparty/Megatron-LM/megatron/core/models/gpt/gpt_layer_specs.py:216: UserWarning: The fp8 argument in "get_gpt_layer_with_transformer_engine_spec" has been deprecated and will be removed soon. Please update your code accordingly.
[+   65.020]   warnings.warn(
[+   67.604]  > number of parameters on (tensor, pipeline) model parallel rank (0, 0): 4663186432
[+   67.651] INFO:megatron.core.distributed.distributed_data_parallel:Setting up DistributedDataParallel with config DistributedDataParallelConfig(grad_reduce_in_fp32=False, overlap_grad_reduce=True, overlap_param_gather=True, align_param_gather=True, use_distributed_optimizer=True, num_distributed_optimizer_instances=1, check_for_nan_in_grad=False, check_for_large_grads=False, bucket_size=134217728, num_buckets=None, pad_buckets_for_high_nccl_busbw=False, reduce_scatter_with_fp32_accumulation=False, param_name_patterns_for_fp32_local_accumulation=(), average_in_collective=True, fp8_param_gather=True, fp4_param_gather=False, reuse_grad_buf_for_mxfp8_param_ag=True, use_megatron_fsdp=False, use_custom_fsdp=False, data_parallel_sharding_strategy='optim_grads_params', gradient_reduce_div_fusion=True, suggested_communication_unit_size=None, keep_fp8_transpose_cache=False, nccl_ub=False, fsdp_double_buffer=False, fsdp_db_use_persist_buf_on_alloc_fail=False, fsdp_all_gather_in_start_param_sync=True, outer_dp_sharding_strategy='no_shard', disable_symmetric_registration=False, fsdp_manual_registration=False, delay_wgrad_compute=True, megatron_fsdp_main_params_dtype=torch.float32, megatron_fsdp_main_grads_dtype=None, megatron_fsdp_grad_comm_dtype=None, megatron_fsdp_use_decoupled_grad=False, megatron_fsdp_cuda_graph_mode=False, megatron_fsdp_enable_fine_grained_param_gather=False)
[+   67.664] INFO:megatron.core.distributed.param_and_grad_buffer:Number of buckets for gradient all-reduce / reduce-scatter: 1
[+   67.664] Params for bucket 1 (502876672 elements, 502876672 padded size, 0 param(s) with extra main_grads):
[+   67.664] 	module.decoder.layers.9.mlp.router.weight (param.main_grad.dtype=torch.bfloat16)
[+   67.664] 	module.decoder.layers.9.pre_mlp_layernorm.weight (param.main_grad.dtype=torch.bfloat16)
[+   67.664] 	module.decoder.layers.9.self_attention.k_layernorm.weight (param.main_grad.dtype=torch.bfloat16)
[+   67.664] 	module.decoder.layers.9.self_attention.q_layernorm.weight (param.main_grad.dtype=torch.bfloat16)
[+   67.664] 	module.decoder.layers.9.self_attention.linear_qkv.layer_norm_weight (param.main_grad.dtype=torch.bfloat16)
[+   67.664] 	module.decoder.layers.8.mlp.router.weight (param.main_grad.dtype=torch.bfloat16)
[+   67.664] 	module.decoder.layers.8.pre_mlp_layernorm.weight (param.main_grad.dtype=torch.bfloat16)
[+   67.664] 	module.decoder.layers.8.self_attention.k_layernorm.weight (param.main_grad.dtype=torch.bfloat16)
[+   67.664] 	module.decoder.layers.8.self_attention.q_layernorm.weight (param.main_grad.dtype=torch.bfloat16)
[+   67.664] 	module.decoder.layers.8.self_attention.linear_qkv.layer_norm_weight (param.main_grad.dtype=torch.bfloat16)
[+   67.664] 	module.decoder.layers.7.mlp.router.weight (param.main_grad.dtype=torch.bfloat16)
[+   67.664] 	module.decoder.layers.7.pre_mlp_layernorm.weight (param.main_grad.dtype=torch.bfloat16)
[+   67.664] 	module.decoder.layers.7.self_attention.k_layernorm.weight (param.main_grad.dtype=torch.bfloat16)
[+   67.664] 	module.decoder.layers.7.self_attention.q_layernorm.weight (param.main_grad.dtype=torch.bfloat16)
[+   67.664] 	module.decoder.layers.7.self_attention.linear_qkv.layer_norm_weight (param.main_grad.dtype=torch.bfloat16)
[+   67.664] 	module.decoder.layers.6.mlp.router.weight (param.main_grad.dtype=torch.bfloat16)
[+   67.664] 	module.decoder.layers.6.pre_mlp_layernorm.weight (param.main_grad.dtype=torch.bfloat16)
[+   67.664] 	module.decoder.layers.6.self_attention.k_layernorm.weight (param.main_grad.dtype=torch.bfloat16)
[+   67.664] 	module.decoder.layers.6.self_attention.q_layernorm.weight (param.main_grad.dtype=torch.bfloat16)
[+   67.664] 	module.decoder.layers.6.self_attention.linear_qkv.layer_norm_weight (param.main_grad.dtype=torch.bfloat16)
[+   67.664] 	module.decoder.layers.5.mlp.router.weight (param.main_grad.dtype=torch.bfloat16)
[+   67.664] 	module.decoder.layers.5.pre_mlp_layernorm.weight (param.main_grad.dtype=torch.bfloat16)
[+   67.664] 	module.decoder.layers.5.self_attention.k_layernorm.weight (param.main_grad.dtype=torch.bfloat16)
[+   67.664] 	module.decoder.layers.5.self_attention.q_layernorm.weight (param.main_grad.dtype=torch.bfloat16)
[+   67.664] 	module.decoder.layers.5.self_attention.linear_qkv.layer_norm_weight (param.main_grad.dtype=torch.bfloat16)
[+   67.664] 	module.decoder.layers.4.mlp.router.weight (param.main_grad.dtype=torch.bfloat16)
[+   67.664] 	module.decoder.layers.4.pre_mlp_layernorm.weight (param.main_grad.dtype=torch.bfloat16)
[+   67.664] 	module.decoder.layers.4.self_attention.k_layernorm.weight (param.main_grad.dtype=torch.bfloat16)
[+   67.664] 	module.decoder.layers.4.self_attention.q_layernorm.weight (param.main_grad.dtype=torch.bfloat16)
[+   67.664] 	module.decoder.layers.4.self_attention.linear_qkv.layer_norm_weight (param.main_grad.dtype=torch.bfloat16)
[+   67.664] 	module.decoder.layers.3.mlp.router.weight (param.main_grad.dtype=torch.bfloat16)
[+   67.664] 	module.decoder.layers.3.pre_mlp_layernorm.weight (param.main_grad.dtype=torch.bfloat16)
[+   67.664] 	module.decoder.layers.3.self_attention.k_layernorm.weight (param.main_grad.dtype=torch.bfloat16)
[+   67.664] 	module.decoder.layers.3.self_attention.q_layernorm.weight (param.main_grad.dtype=torch.bfloat16)
[+   67.664] 	module.decoder.layers.3.self_attention.linear_qkv.layer_norm_weight (param.main_grad.dtype=torch.bfloat16)
[+   67.664] 	module.decoder.layers.2.mlp.router.weight (param.main_grad.dtype=torch.bfloat16)
[+   67.664] 	module.decoder.layers.2.pre_mlp_layernorm.weight (param.main_grad.dtype=torch.bfloat16)
[+   67.664] 	module.decoder.layers.2.self_attention.k_layernorm.weight (param.main_grad.dtype=torch.bfloat16)
[+   67.664] 	module.decoder.layers.2.self_attention.q_layernorm.weight (param.main_grad.dtype=torch.bfloat16)
[+   67.664] 	module.decoder.layers.2.self_attention.linear_qkv.layer_norm_weight (param.main_grad.dtype=torch.bfloat16)
[+   67.664] 	module.decoder.layers.1.mlp.router.weight (param.main_grad.dtype=torch.bfloat16)
[+   67.664] 	module.decoder.layers.1.pre_mlp_layernorm.weight (param.main_grad.dtype=torch.bfloat16)
[+   67.664] 	module.decoder.layers.1.self_attention.k_layernorm.weight (param.main_grad.dtype=torch.bfloat16)
[+   67.664] 	module.decoder.layers.1.self_attention.q_layernorm.weight (param.main_grad.dtype=torch.bfloat16)
[+   67.664] 	module.decoder.layers.1.self_attention.linear_qkv.layer_norm_weight (param.main_grad.dtype=torch.bfloat16)
[+   67.664] 	module.decoder.layers.0.mlp.router.weight (param.main_grad.dtype=torch.bfloat16)
[+   67.664] 	module.decoder.layers.0.pre_mlp_layernorm.weight (param.main_grad.dtype=torch.bfloat16)
[+   67.664] 	module.decoder.layers.0.self_attention.k_layernorm.weight (param.main_grad.dtype=torch.bfloat16)
[+   67.664] 	module.decoder.layers.0.self_attention.q_layernorm.weight (param.main_grad.dtype=torch.bfloat16)
[+   67.664] 	module.decoder.layers.0.self_attention.linear_qkv.layer_norm_weight (param.main_grad.dtype=torch.bfloat16)
[+   67.664] 	module.embedding.word_embeddings.weight (param.main_grad.dtype=torch.bfloat16)
[+   67.674] INFO:megatron.core.distributed.param_and_grad_buffer:Number of buckets for gradient all-reduce / reduce-scatter: 7
[+   67.674] Params for bucket 1 (155189248 elements, 155189248 padded size, 0 param(s) with extra main_grads):
[+   67.674] 	module.decoder.layers.9.mlp.shared_experts.linear_fc2.weight (param.main_grad.dtype=torch.bfloat16)
[+   67.674] 	module.decoder.layers.9.mlp.shared_experts.linear_fc1.weight (param.main_grad.dtype=torch.bfloat16)
[+   67.674] 	module.decoder.layers.9.self_attention.linear_qkv.weight (param.main_grad.dtype=torch.bfloat16)
[+   67.674] 	module.decoder.layers.9.self_attention.linear_proj.weight (param.main_grad.dtype=torch.bfloat16)
[+   67.674] 	module.decoder.layers.8.mlp.shared_experts.linear_fc2.weight (param.main_grad.dtype=torch.bfloat16)
[+   67.674] 	module.decoder.layers.8.mlp.shared_experts.linear_fc1.weight (param.main_grad.dtype=torch.bfloat16)
[+   67.674] 	module.decoder.layers.8.self_attention.linear_qkv.weight (param.main_grad.dtype=torch.bfloat16)
[+   67.674] Params for bucket 2 (134217728 elements, 134217728 padded size, 0 param(s) with extra main_grads):
[+   67.674] 	module.decoder.layers.8.self_attention.linear_proj.weight (param.main_grad.dtype=torch.bfloat16)
[+   67.674] 	module.decoder.layers.7.mlp.shared_experts.linear_fc2.weight (param.main_grad.dtype=torch.bfloat16)
[+   67.674] 	module.decoder.layers.7.mlp.shared_experts.linear_fc1.weight (param.main_grad.dtype=torch.bfloat16)
[+   67.674] 	module.decoder.layers.7.self_attention.linear_qkv.weight (param.main_grad.dtype=torch.bfloat16)
[+   67.674] 	module.decoder.layers.7.self_attention.linear_proj.weight (param.main_grad.dtype=torch.bfloat16)
[+   67.674] 	module.decoder.layers.6.mlp.shared_experts.linear_fc2.weight (param.main_grad.dtype=torch.bfloat16)
[+   67.674] Params for bucket 3 (148897792 elements, 148897792 padded size, 0 param(s) with extra main_grads):
[+   67.674] 	module.decoder.layers.6.mlp.shared_experts.linear_fc1.weight (param.main_grad.dtype=torch.bfloat16)
[+   67.674] 	module.decoder.layers.6.self_attention.linear_qkv.weight (param.main_grad.dtype=torch.bfloat16)
[+   67.674] 	module.decoder.layers.6.self_attention.linear_proj.weight (param.main_grad.dtype=torch.bfloat16)
[+   67.674] 	module.decoder.layers.5.mlp.shared_experts.linear_fc2.weight (param.main_grad.dtype=torch.bfloat16)
[+   67.674] 	module.decoder.layers.5.mlp.shared_experts.linear_fc1.weight (param.main_grad.dtype=torch.bfloat16)
[+   67.674] 	module.decoder.layers.5.self_attention.linear_qkv.weight (param.main_grad.dtype=torch.bfloat16)
[+   67.674] Params for bucket 4 (134217728 elements, 134217728 padded size, 0 param(s) with extra main_grads):
[+   67.674] 	module.decoder.layers.5.self_attention.linear_proj.weight (param.main_grad.dtype=torch.bfloat16)
[+   67.674] 	module.decoder.layers.4.mlp.shared_experts.linear_fc2.weight (param.main_grad.dtype=torch.bfloat16)
[+   67.674] 	module.decoder.layers.4.mlp.shared_experts.linear_fc1.weight (param.main_grad.dtype=torch.bfloat16)
[+   67.674] 	module.decoder.layers.4.self_attention.linear_qkv.weight (param.main_grad.dtype=torch.bfloat16)
[+   67.674] 	module.decoder.layers.4.self_attention.linear_proj.weight (param.main_grad.dtype=torch.bfloat16)
[+   67.675] 	module.decoder.layers.3.mlp.shared_experts.linear_fc2.weight (param.main_grad.dtype=torch.bfloat16)
[+   67.675] Params for bucket 5 (148897792 elements, 148897792 padded size, 0 param(s) with extra main_grads):
[+   67.675] 	module.decoder.layers.3.mlp.shared_experts.linear_fc1.weight (param.main_grad.dtype=torch.bfloat16)
[+   67.675] 	module.decoder.layers.3.self_attention.linear_qkv.weight (param.main_grad.dtype=torch.bfloat16)
[+   67.675] 	module.decoder.layers.3.self_attention.linear_proj.weight (param.main_grad.dtype=torch.bfloat16)
[+   67.675] 	module.decoder.layers.2.mlp.shared_experts.linear_fc2.weight (param.main_grad.dtype=torch.bfloat16)
[+   67.675] 	module.decoder.layers.2.mlp.shared_experts.linear_fc1.weight (param.main_grad.dtype=torch.bfloat16)
[+   67.675] 	module.decoder.layers.2.self_attention.linear_qkv.weight (param.main_grad.dtype=torch.bfloat16)
[+   67.675] Params for bucket 6 (134217728 elements, 134217728 padded size, 0 param(s) with extra main_grads):
[+   67.675] 	module.decoder.layers.2.self_attention.linear_proj.weight (param.main_grad.dtype=torch.bfloat16)
[+   67.675] 	module.decoder.layers.1.mlp.shared_experts.linear_fc2.weight (param.main_grad.dtype=torch.bfloat16)
[+   67.675] 	module.decoder.layers.1.mlp.shared_experts.linear_fc1.weight (param.main_grad.dtype=torch.bfloat16)
[+   67.675] 	module.decoder.layers.1.self_attention.linear_qkv.weight (param.main_grad.dtype=torch.bfloat16)
[+   67.675] 	module.decoder.layers.1.self_attention.linear_proj.weight (param.main_grad.dtype=torch.bfloat16)
[+   67.675] 	module.decoder.layers.0.mlp.shared_experts.linear_fc2.weight (param.main_grad.dtype=torch.bfloat16)
[+   67.675] Params for bucket 7 (88080384 elements, 88080384 padded size, 0 param(s) with extra main_grads):
[+   67.675] 	module.decoder.layers.0.mlp.shared_experts.linear_fc1.weight (param.main_grad.dtype=torch.bfloat16)
[+   67.675] 	module.decoder.layers.0.self_attention.linear_qkv.weight (param.main_grad.dtype=torch.bfloat16)
[+   67.675] 	module.decoder.layers.0.self_attention.linear_proj.weight (param.main_grad.dtype=torch.bfloat16)
[+   67.691] INFO:megatron.core.distributed.param_and_grad_buffer:Number of buckets for gradient all-reduce / reduce-scatter: 9
[+   67.691] Params for bucket 1 (138412032 elements, 138412032 padded size, 0 param(s) with extra main_grads):
[+   67.691] 	module.decoder.layers.9.mlp.experts.linear_fc2.weight5 (param.main_grad.dtype=torch.bfloat16)
[+   67.691] 	module.decoder.layers.9.mlp.experts.linear_fc2.weight4 (param.main_grad.dtype=torch.bfloat16)
[+   67.691] 	module.decoder.layers.9.mlp.experts.linear_fc2.weight3 (param.main_grad.dtype=torch.bfloat16)
[+   67.691] 	module.decoder.layers.9.mlp.experts.linear_fc2.weight2 (param.main_grad.dtype=torch.bfloat16)
[+   67.691] 	module.decoder.layers.9.mlp.experts.linear_fc2.weight1 (param.main_grad.dtype=torch.bfloat16)
[+   67.691] 	module.decoder.layers.9.mlp.experts.linear_fc2.weight0 (param.main_grad.dtype=torch.bfloat16)
[+   67.691] 	module.decoder.layers.9.mlp.experts.linear_fc1.weight5 (param.main_grad.dtype=torch.bfloat16)
[+   67.691] 	module.decoder.layers.9.mlp.experts.linear_fc1.weight4 (param.main_grad.dtype=torch.bfloat16)
[+   67.691] 	module.decoder.layers.9.mlp.experts.linear_fc1.weight3 (param.main_grad.dtype=torch.bfloat16)
[+   67.691] 	module.decoder.layers.9.mlp.experts.linear_fc1.weight2 (param.main_grad.dtype=torch.bfloat16)
[+   67.691] 	module.decoder.layers.9.mlp.experts.linear_fc1.weight1 (param.main_grad.dtype=torch.bfloat16)
[+   67.691] 	module.decoder.layers.9.mlp.experts.linear_fc1.weight0 (param.main_grad.dtype=torch.bfloat16)
[+   67.691] 	module.decoder.layers.8.mlp.experts.linear_fc2.weight5 (param.main_grad.dtype=torch.bfloat16)
[+   67.691] 	module.decoder.layers.8.mlp.experts.linear_fc2.weight4 (param.main_grad.dtype=torch.bfloat16)
[+   67.691] 	module.decoder.layers.8.mlp.experts.linear_fc2.weight3 (param.main_grad.dtype=torch.bfloat16)
[+   67.691] 	module.decoder.layers.8.mlp.experts.linear_fc2.weight2 (param.main_grad.dtype=torch.bfloat16)
[+   67.691] Params for bucket 2 (138412032 elements, 138412032 padded size, 0 param(s) with extra main_grads):
[+   67.691] 	module.decoder.layers.8.mlp.experts.linear_fc2.weight1 (param.main_grad.dtype=torch.bfloat16)
[+   67.691] 	module.decoder.layers.8.mlp.experts.linear_fc2.weight0 (param.main_grad.dtype=torch.bfloat16)
[+   67.691] 	module.decoder.layers.8.mlp.experts.linear_fc1.weight5 (param.main_grad.dtype=torch.bfloat16)
[+   67.691] 	module.decoder.layers.8.mlp.experts.linear_fc1.weight4 (param.main_grad.dtype=torch.bfloat16)
[+   67.691] 	module.decoder.layers.8.mlp.experts.linear_fc1.weight3 (param.main_grad.dtype=torch.bfloat16)
[+   67.691] 	module.decoder.layers.8.mlp.experts.linear_fc1.weight2 (param.main_grad.dtype=torch.bfloat16)
[+   67.691] 	module.decoder.layers.8.mlp.experts.linear_fc1.weight1 (param.main_grad.dtype=torch.bfloat16)
[+   67.691] 	module.decoder.layers.8.mlp.experts.linear_fc1.weight0 (param.main_grad.dtype=torch.bfloat16)
[+   67.691] 	module.decoder.layers.7.mlp.experts.linear_fc2.weight5 (param.main_grad.dtype=torch.bfloat16)
[+   67.691] 	module.decoder.layers.7.mlp.experts.linear_fc2.weight4 (param.main_grad.dtype=torch.bfloat16)
[+   67.691] 	module.decoder.layers.7.mlp.experts.linear_fc2.weight3 (param.main_grad.dtype=torch.bfloat16)
[+   67.691] 	module.decoder.layers.7.mlp.experts.linear_fc2.weight2 (param.main_grad.dtype=torch.bfloat16)
[+   67.691] 	module.decoder.layers.7.mlp.experts.linear_fc2.weight1 (param.main_grad.dtype=torch.bfloat16)
[+   67.691] 	module.decoder.layers.7.mlp.experts.linear_fc2.weight0 (param.main_grad.dtype=torch.bfloat16)
[+   67.691] 	module.decoder.layers.7.mlp.experts.linear_fc1.weight5 (param.main_grad.dtype=torch.bfloat16)
[+   67.691] Params for bucket 3 (138412032 elements, 138412032 padded size, 0 param(s) with extra main_grads):
[+   67.691] 	module.decoder.layers.7.mlp.experts.linear_fc1.weight4 (param.main_grad.dtype=torch.bfloat16)
[+   67.691] 	module.decoder.layers.7.mlp.experts.linear_fc1.weight3 (param.main_grad.dtype=torch.bfloat16)
[+   67.691] 	module.decoder.layers.7.mlp.experts.linear_fc1.weight2 (param.main_grad.dtype=torch.bfloat16)
[+   67.691] 	module.decoder.layers.7.mlp.experts.linear_fc1.weight1 (param.main_grad.dtype=torch.bfloat16)
[+   67.691] 	module.decoder.layers.7.mlp.experts.linear_fc1.weight0 (param.main_grad.dtype=torch.bfloat16)
[+   67.691] 	module.decoder.layers.6.mlp.experts.linear_fc2.weight5 (param.main_grad.dtype=torch.bfloat16)
[+   67.691] 	module.decoder.layers.6.mlp.experts.linear_fc2.weight4 (param.main_grad.dtype=torch.bfloat16)
[+   67.691] 	module.decoder.layers.6.mlp.experts.linear_fc2.weight3 (param.main_grad.dtype=torch.bfloat16)
[+   67.691] 	module.decoder.layers.6.mlp.experts.linear_fc2.weight2 (param.main_grad.dtype=torch.bfloat16)
[+   67.691] 	module.decoder.layers.6.mlp.experts.linear_fc2.weight1 (param.main_grad.dtype=torch.bfloat16)
[+   67.691] 	module.decoder.layers.6.mlp.experts.linear_fc2.weight0 (param.main_grad.dtype=torch.bfloat16)
[+   67.691] 	module.decoder.layers.6.mlp.experts.linear_fc1.weight5 (param.main_grad.dtype=torch.bfloat16)
[+   67.691] 	module.decoder.layers.6.mlp.experts.linear_fc1.weight4 (param.main_grad.dtype=torch.bfloat16)
[+   67.691] 	module.decoder.layers.6.mlp.experts.linear_fc1.weight3 (param.main_grad.dtype=torch.bfloat16)
[+   67.691] Params for bucket 4 (138412032 elements, 138412032 padded size, 0 param(s) with extra main_grads):
[+   67.691] 	module.decoder.layers.6.mlp.experts.linear_fc1.weight2 (param.main_grad.dtype=torch.bfloat16)
[+   67.691] 	module.decoder.layers.6.mlp.experts.linear_fc1.weight1 (param.main_grad.dtype=torch.bfloat16)
[+   67.691] 	module.decoder.layers.6.mlp.experts.linear_fc1.weight0 (param.main_grad.dtype=torch.bfloat16)
[+   67.691] 	module.decoder.layers.5.mlp.experts.linear_fc2.weight5 (param.main_grad.dtype=torch.bfloat16)
[+   67.691] 	module.decoder.layers.5.mlp.experts.linear_fc2.weight4 (param.main_grad.dtype=torch.bfloat16)
[+   67.691] 	module.decoder.layers.5.mlp.experts.linear_fc2.weight3 (param.main_grad.dtype=torch.bfloat16)
[+   67.691] 	module.decoder.layers.5.mlp.experts.linear_fc2.weight2 (param.main_grad.dtype=torch.bfloat16)
[+   67.691] 	module.decoder.layers.5.mlp.experts.linear_fc2.weight1 (param.main_grad.dtype=torch.bfloat16)
[+   67.691] 	module.decoder.layers.5.mlp.experts.linear_fc2.weight0 (param.main_grad.dtype=torch.bfloat16)
[+   67.691] 	module.decoder.layers.5.mlp.experts.linear_fc1.weight5 (param.main_grad.dtype=torch.bfloat16)
[+   67.691] 	module.decoder.layers.5.mlp.experts.linear_fc1.weight4 (param.main_grad.dtype=torch.bfloat16)
[+   67.691] 	module.decoder.layers.5.mlp.experts.linear_fc1.weight3 (param.main_grad.dtype=torch.bfloat16)
[+   67.691] 	module.decoder.layers.5.mlp.experts.linear_fc1.weight2 (param.main_grad.dtype=torch.bfloat16)
[+   67.691] 	module.decoder.layers.5.mlp.experts.linear_fc1.weight1 (param.main_grad.dtype=torch.bfloat16)
[+   67.691] Params for bucket 5 (138412032 elements, 138412032 padded size, 0 param(s) with extra main_grads):
[+   67.691] 	module.decoder.layers.5.mlp.experts.linear_fc1.weight0 (param.main_grad.dtype=torch.bfloat16)
[+   67.691] 	module.decoder.layers.4.mlp.experts.linear_fc2.weight5 (param.main_grad.dtype=torch.bfloat16)
[+   67.691] 	module.decoder.layers.4.mlp.experts.linear_fc2.weight4 (param.main_grad.dtype=torch.bfloat16)
[+   67.691] 	module.decoder.layers.4.mlp.experts.linear_fc2.weight3 (param.main_grad.dtype=torch.bfloat16)
[+   67.691] 	module.decoder.layers.4.mlp.experts.linear_fc2.weight2 (param.main_grad.dtype=torch.bfloat16)
[+   67.691] 	module.decoder.layers.4.mlp.experts.linear_fc2.weight1 (param.main_grad.dtype=torch.bfloat16)
[+   67.691] 	module.decoder.layers.4.mlp.experts.linear_fc2.weight0 (param.main_grad.dtype=torch.bfloat16)
[+   67.691] 	module.decoder.layers.4.mlp.experts.linear_fc1.weight5 (param.main_grad.dtype=torch.bfloat16)
[+   67.691] 	module.decoder.layers.4.mlp.experts.linear_fc1.weight4 (param.main_grad.dtype=torch.bfloat16)
[+   67.691] 	module.decoder.layers.4.mlp.experts.linear_fc1.weight3 (param.main_grad.dtype=torch.bfloat16)
[+   67.691] 	module.decoder.layers.4.mlp.experts.linear_fc1.weight2 (param.main_grad.dtype=torch.bfloat16)
[+   67.691] 	module.decoder.layers.4.mlp.experts.linear_fc1.weight1 (param.main_grad.dtype=torch.bfloat16)
[+   67.691] 	module.decoder.layers.4.mlp.experts.linear_fc1.weight0 (param.main_grad.dtype=torch.bfloat16)
[+   67.691] 	module.decoder.layers.3.mlp.experts.linear_fc2.weight5 (param.main_grad.dtype=torch.bfloat16)
[+   67.691] 	module.decoder.layers.3.mlp.experts.linear_fc2.weight4 (param.main_grad.dtype=torch.bfloat16)
[+   67.691] Params for bucket 6 (138412032 elements, 138412032 padded size, 0 param(s) with extra main_grads):
[+   67.691] 	module.decoder.layers.3.mlp.experts.linear_fc2.weight3 (param.main_grad.dtype=torch.bfloat16)
[+   67.691] 	module.decoder.layers.3.mlp.experts.linear_fc2.weight2 (param.main_grad.dtype=torch.bfloat16)
[+   67.691] 	module.decoder.layers.3.mlp.experts.linear_fc2.weight1 (param.main_grad.dtype=torch.bfloat16)
[+   67.691] 	module.decoder.layers.3.mlp.experts.linear_fc2.weight0 (param.main_grad.dtype=torch.bfloat16)
[+   67.691] 	module.decoder.layers.3.mlp.experts.linear_fc1.weight5 (param.main_grad.dtype=torch.bfloat16)
[+   67.691] 	module.decoder.layers.3.mlp.experts.linear_fc1.weight4 (param.main_grad.dtype=torch.bfloat16)
[+   67.691] 	module.decoder.layers.3.mlp.experts.linear_fc1.weight3 (param.main_grad.dtype=torch.bfloat16)
[+   67.691] 	module.decoder.layers.3.mlp.experts.linear_fc1.weight2 (param.main_grad.dtype=torch.bfloat16)
[+   67.691] 	module.decoder.layers.3.mlp.experts.linear_fc1.weight1 (param.main_grad.dtype=torch.bfloat16)
[+   67.691] 	module.decoder.layers.3.mlp.experts.linear_fc1.weight0 (param.main_grad.dtype=torch.bfloat16)
[+   67.691] 	module.decoder.layers.2.mlp.experts.linear_fc2.weight5 (param.main_grad.dtype=torch.bfloat16)
[+   67.691] 	module.decoder.layers.2.mlp.experts.linear_fc2.weight4 (param.main_grad.dtype=torch.bfloat16)
[+   67.691] 	module.decoder.layers.2.mlp.experts.linear_fc2.weight3 (param.main_grad.dtype=torch.bfloat16)
[+   67.691] 	module.decoder.layers.2.mlp.experts.linear_fc2.weight2 (param.main_grad.dtype=torch.bfloat16)
[+   67.691] 	module.decoder.layers.2.mlp.experts.linear_fc2.weight1 (param.main_grad.dtype=torch.bfloat16)
[+   67.691] 	module.decoder.layers.2.mlp.experts.linear_fc2.weight0 (param.main_grad.dtype=torch.bfloat16)
[+   67.691] Params for bucket 7 (138412032 elements, 138412032 padded size, 0 param(s) with extra main_grads):
[+   67.691] 	module.decoder.layers.2.mlp.experts.linear_fc1.weight5 (param.main_grad.dtype=torch.bfloat16)
[+   67.691] 	module.decoder.layers.2.mlp.experts.linear_fc1.weight4 (param.main_grad.dtype=torch.bfloat16)
[+   67.691] 	module.decoder.layers.2.mlp.experts.linear_fc1.weight3 (param.main_grad.dtype=torch.bfloat16)
[+   67.691] 	module.decoder.layers.2.mlp.experts.linear_fc1.weight2 (param.main_grad.dtype=torch.bfloat16)
[+   67.691] 	module.decoder.layers.2.mlp.experts.linear_fc1.weight1 (param.main_grad.dtype=torch.bfloat16)
[+   67.691] 	module.decoder.layers.2.mlp.experts.linear_fc1.weight0 (param.main_grad.dtype=torch.bfloat16)
[+   67.691] 	module.decoder.layers.1.mlp.experts.linear_fc2.weight5 (param.main_grad.dtype=torch.bfloat16)
[+   67.691] 	module.decoder.layers.1.mlp.experts.linear_fc2.weight4 (param.main_grad.dtype=torch.bfloat16)
[+   67.691] 	module.decoder.layers.1.mlp.experts.linear_fc2.weight3 (param.main_grad.dtype=torch.bfloat16)
[+   67.691] 	module.decoder.layers.1.mlp.experts.linear_fc2.weight2 (param.main_grad.dtype=torch.bfloat16)
[+   67.691] 	module.decoder.layers.1.mlp.experts.linear_fc2.weight1 (param.main_grad.dtype=torch.bfloat16)
[+   67.691] 	module.decoder.layers.1.mlp.experts.linear_fc2.weight0 (param.main_grad.dtype=torch.bfloat16)
[+   67.691] 	module.decoder.layers.1.mlp.experts.linear_fc1.weight5 (param.main_grad.dtype=torch.bfloat16)
[+   67.691] 	module.decoder.layers.1.mlp.experts.linear_fc1.weight4 (param.main_grad.dtype=torch.bfloat16)
[+   67.691] Params for bucket 8 (138412032 elements, 138412032 padded size, 0 param(s) with extra main_grads):
[+   67.691] 	module.decoder.layers.1.mlp.experts.linear_fc1.weight3 (param.main_grad.dtype=torch.bfloat16)
[+   67.691] 	module.decoder.layers.1.mlp.experts.linear_fc1.weight2 (param.main_grad.dtype=torch.bfloat16)
[+   67.691] 	module.decoder.layers.1.mlp.experts.linear_fc1.weight1 (param.main_grad.dtype=torch.bfloat16)
[+   67.691] 	module.decoder.layers.1.mlp.experts.linear_fc1.weight0 (param.main_grad.dtype=torch.bfloat16)
[+   67.691] 	module.decoder.layers.0.mlp.experts.linear_fc2.weight5 (param.main_grad.dtype=torch.bfloat16)
[+   67.691] 	module.decoder.layers.0.mlp.experts.linear_fc2.weight4 (param.main_grad.dtype=torch.bfloat16)
[+   67.691] 	module.decoder.layers.0.mlp.experts.linear_fc2.weight3 (param.main_grad.dtype=torch.bfloat16)
[+   67.691] 	module.decoder.layers.0.mlp.experts.linear_fc2.weight2 (param.main_grad.dtype=torch.bfloat16)
[+   67.691] 	module.decoder.layers.0.mlp.experts.linear_fc2.weight1 (param.main_grad.dtype=torch.bfloat16)
[+   67.691] 	module.decoder.layers.0.mlp.experts.linear_fc2.weight0 (param.main_grad.dtype=torch.bfloat16)
[+   67.691] 	module.decoder.layers.0.mlp.experts.linear_fc1.weight5 (param.main_grad.dtype=torch.bfloat16)
[+   67.691] 	module.decoder.layers.0.mlp.experts.linear_fc1.weight4 (param.main_grad.dtype=torch.bfloat16)
[+   67.691] 	module.decoder.layers.0.mlp.experts.linear_fc1.weight3 (param.main_grad.dtype=torch.bfloat16)
[+   67.691] 	module.decoder.layers.0.mlp.experts.linear_fc1.weight2 (param.main_grad.dtype=torch.bfloat16)
[+   67.691] Params for bucket 9 (25165824 elements, 25165824 padded size, 0 param(s) with extra main_grads):
[+   67.691] 	module.decoder.layers.0.mlp.experts.linear_fc1.weight1 (param.main_grad.dtype=torch.bfloat16)
[+   67.691] 	module.decoder.layers.0.mlp.experts.linear_fc1.weight0 (param.main_grad.dtype=torch.bfloat16)
[+   67.691] INFO:megatron.core.distributed.param_and_grad_buffer:Using reduce-scatter for gradient reductions because self.ddp_config.use_distributed_optimizer=True
[+   67.691] INFO:megatron.core.distributed.param_and_grad_buffer:Using reduce-scatter for gradient reductions because self.ddp_config.use_distributed_optimizer=True
[+   67.691] INFO:megatron.core.distributed.param_and_grad_buffer:Using reduce-scatter for gradient reductions because self.ddp_config.use_distributed_optimizer=True
[+   67.691] INFO:megatron.core.distributed.param_and_grad_buffer:Using reduce-scatter for gradient reductions because self.ddp_config.use_distributed_optimizer=True
[+   67.691] INFO:megatron.core.distributed.param_and_grad_buffer:Using reduce-scatter for gradient reductions because self.ddp_config.use_distributed_optimizer=True
[+   67.691] INFO:megatron.core.distributed.param_and_grad_buffer:Using reduce-scatter for gradient reductions because self.ddp_config.use_distributed_optimizer=True
[+   67.691] INFO:megatron.core.distributed.param_and_grad_buffer:Using reduce-scatter for gradient reductions because self.ddp_config.use_distributed_optimizer=True
[+   67.691] INFO:megatron.core.distributed.param_and_grad_buffer:Using reduce-scatter for gradient reductions because self.ddp_config.use_distributed_optimizer=True
[+   67.691] INFO:megatron.core.distributed.param_and_grad_buffer:Using reduce-scatter for gradient reductions because self.ddp_config.use_distributed_optimizer=True
[+   67.691] INFO:megatron.core.distributed.param_and_grad_buffer:Using reduce-scatter for gradient reductions because self.ddp_config.use_distributed_optimizer=True
[+   67.691] INFO:megatron.core.distributed.param_and_grad_buffer:Using reduce-scatter for gradient reductions because self.ddp_config.use_distributed_optimizer=True
[+   67.691] INFO:megatron.core.distributed.param_and_grad_buffer:Using reduce-scatter for gradient reductions because self.ddp_config.use_distributed_optimizer=True
[+   67.691] INFO:megatron.core.distributed.param_and_grad_buffer:Using reduce-scatter for gradient reductions because self.ddp_config.use_distributed_optimizer=True
[+   67.691] INFO:megatron.core.distributed.param_and_grad_buffer:Using reduce-scatter for gradient reductions because self.ddp_config.use_distributed_optimizer=True
[+   67.691] INFO:megatron.core.distributed.param_and_grad_buffer:Using reduce-scatter for gradient reductions because self.ddp_config.use_distributed_optimizer=True
[+   67.691] INFO:megatron.core.distributed.param_and_grad_buffer:Using reduce-scatter for gradient reductions because self.ddp_config.use_distributed_optimizer=True
[+   67.766] INFO:megatron.core.distributed.distributed_data_parallel:Setting up DistributedDataParallel with config DistributedDataParallelConfig(grad_reduce_in_fp32=False, overlap_grad_reduce=True, overlap_param_gather=True, align_param_gather=True, use_distributed_optimizer=True, num_distributed_optimizer_instances=1, check_for_nan_in_grad=False, check_for_large_grads=False, bucket_size=134217728, num_buckets=None, pad_buckets_for_high_nccl_busbw=False, reduce_scatter_with_fp32_accumulation=False, param_name_patterns_for_fp32_local_accumulation=(), average_in_collective=True, fp8_param_gather=True, fp4_param_gather=False, reuse_grad_buf_for_mxfp8_param_ag=True, use_megatron_fsdp=False, use_custom_fsdp=False, data_parallel_sharding_strategy='optim_grads_params', gradient_reduce_div_fusion=True, suggested_communication_unit_size=None, keep_fp8_transpose_cache=False, nccl_ub=False, fsdp_double_buffer=False, fsdp_db_use_persist_buf_on_alloc_fail=False, fsdp_all_gather_in_start_param_sync=True, outer_dp_sharding_strategy='no_shard', disable_symmetric_registration=False, fsdp_manual_registration=False, delay_wgrad_compute=True, megatron_fsdp_main_params_dtype=torch.float32, megatron_fsdp_main_grads_dtype=None, megatron_fsdp_grad_comm_dtype=None, megatron_fsdp_use_decoupled_grad=False, megatron_fsdp_cuda_graph_mode=False, megatron_fsdp_enable_fine_grained_param_gather=False)
[+   67.778] INFO:megatron.core.distributed.param_and_grad_buffer:Number of buckets for gradient all-reduce / reduce-scatter: 1
[+   67.778] Params for bucket 1 (943718400 elements, 943718400 padded size, 0 param(s) with extra main_grads):
[+   67.778] 	module.decoder.layers.9.mlp.shared_experts.linear_fc2.weight (param.main_grad.dtype=torch.bfloat16)
[+   67.778] 	module.decoder.layers.9.mlp.shared_experts.linear_fc1.weight (param.main_grad.dtype=torch.bfloat16)
[+   67.778] 	module.decoder.layers.9.self_attention.linear_qkv.weight (param.main_grad.dtype=torch.bfloat16)
[+   67.778] 	module.decoder.layers.9.self_attention.linear_proj.weight (param.main_grad.dtype=torch.bfloat16)
[+   67.778] 	module.decoder.layers.8.mlp.shared_experts.linear_fc2.weight (param.main_grad.dtype=torch.bfloat16)
[+   67.778] 	module.decoder.layers.8.mlp.shared_experts.linear_fc1.weight (param.main_grad.dtype=torch.bfloat16)
[+   67.778] 	module.decoder.layers.8.self_attention.linear_qkv.weight (param.main_grad.dtype=torch.bfloat16)
[+   67.778] 	module.decoder.layers.8.self_attention.linear_proj.weight (param.main_grad.dtype=torch.bfloat16)
[+   67.778] 	module.decoder.layers.7.mlp.shared_experts.linear_fc2.weight (param.main_grad.dtype=torch.bfloat16)
[+   67.778] 	module.decoder.layers.7.mlp.shared_experts.linear_fc1.weight (param.main_grad.dtype=torch.bfloat16)
[+   67.778] 	module.decoder.layers.7.self_attention.linear_qkv.weight (param.main_grad.dtype=torch.bfloat16)
[+   67.778] 	module.decoder.layers.7.self_attention.linear_proj.weight (param.main_grad.dtype=torch.bfloat16)
[+   67.778] 	module.decoder.layers.6.mlp.shared_experts.linear_fc2.weight (param.main_grad.dtype=torch.bfloat16)
[+   67.778] 	module.decoder.layers.6.mlp.shared_experts.linear_fc1.weight (param.main_grad.dtype=torch.bfloat16)
[+   67.778] 	module.decoder.layers.6.self_attention.linear_qkv.weight (param.main_grad.dtype=torch.bfloat16)
[+   67.778] 	module.decoder.layers.6.self_attention.linear_proj.weight (param.main_grad.dtype=torch.bfloat16)
[+   67.778] 	module.decoder.layers.5.mlp.shared_experts.linear_fc2.weight (param.main_grad.dtype=torch.bfloat16)
[+   67.778] 	module.decoder.layers.5.mlp.shared_experts.linear_fc1.weight (param.main_grad.dtype=torch.bfloat16)
[+   67.778] 	module.decoder.layers.5.self_attention.linear_qkv.weight (param.main_grad.dtype=torch.bfloat16)
[+   67.778] 	module.decoder.layers.5.self_attention.linear_proj.weight (param.main_grad.dtype=torch.bfloat16)
[+   67.778] 	module.decoder.layers.4.mlp.shared_experts.linear_fc2.weight (param.main_grad.dtype=torch.bfloat16)
[+   67.778] 	module.decoder.layers.4.mlp.shared_experts.linear_fc1.weight (param.main_grad.dtype=torch.bfloat16)
[+   67.778] 	module.decoder.layers.4.self_attention.linear_qkv.weight (param.main_grad.dtype=torch.bfloat16)
[+   67.778] 	module.decoder.layers.4.self_attention.linear_proj.weight (param.main_grad.dtype=torch.bfloat16)
[+   67.778] 	module.decoder.layers.3.mlp.shared_experts.linear_fc2.weight (param.main_grad.dtype=torch.bfloat16)
[+   67.778] 	module.decoder.layers.3.mlp.shared_experts.linear_fc1.weight (param.main_grad.dtype=torch.bfloat16)
[+   67.778] 	module.decoder.layers.3.self_attention.linear_qkv.weight (param.main_grad.dtype=torch.bfloat16)
[+   67.778] 	module.decoder.layers.3.self_attention.linear_proj.weight (param.main_grad.dtype=torch.bfloat16)
[+   67.778] 	module.decoder.layers.2.mlp.shared_experts.linear_fc2.weight (param.main_grad.dtype=torch.bfloat16)
[+   67.778] 	module.decoder.layers.2.mlp.shared_experts.linear_fc1.weight (param.main_grad.dtype=torch.bfloat16)
[+   67.778] 	module.decoder.layers.2.self_attention.linear_qkv.weight (param.main_grad.dtype=torch.bfloat16)
[+   67.778] 	module.decoder.layers.2.self_attention.linear_proj.weight (param.main_grad.dtype=torch.bfloat16)
[+   67.778] 	module.decoder.layers.1.mlp.shared_experts.linear_fc2.weight (param.main_grad.dtype=torch.bfloat16)
[+   67.778] 	module.decoder.layers.1.mlp.shared_experts.linear_fc1.weight (param.main_grad.dtype=torch.bfloat16)
[+   67.778] 	module.decoder.layers.1.self_attention.linear_qkv.weight (param.main_grad.dtype=torch.bfloat16)
[+   67.778] 	module.decoder.layers.1.self_attention.linear_proj.weight (param.main_grad.dtype=torch.bfloat16)
[+   67.778] 	module.decoder.layers.0.mlp.shared_experts.linear_fc2.weight (param.main_grad.dtype=torch.bfloat16)
[+   67.778] 	module.decoder.layers.0.mlp.shared_experts.linear_fc1.weight (param.main_grad.dtype=torch.bfloat16)
[+   67.778] 	module.decoder.layers.0.self_attention.linear_qkv.weight (param.main_grad.dtype=torch.bfloat16)
[+   67.778] 	module.decoder.layers.0.self_attention.linear_proj.weight (param.main_grad.dtype=torch.bfloat16)
[+   67.780] INFO:megatron.core.distributed.param_and_grad_buffer:Number of buckets for gradient all-reduce / reduce-scatter: 1
[+   67.780] Params for bucket 1 (7948800 elements, 7948800 padded size, 0 param(s) with extra main_grads):
[+   67.780] 	module.decoder.layers.9.mlp.router.weight (param.main_grad.dtype=torch.bfloat16)
[+   67.780] 	module.decoder.layers.9.pre_mlp_layernorm.weight (param.main_grad.dtype=torch.bfloat16)
[+   67.780] 	module.decoder.layers.9.self_attention.k_layernorm.weight (param.main_grad.dtype=torch.bfloat16)
[+   67.780] 	module.decoder.layers.9.self_attention.q_layernorm.weight (param.main_grad.dtype=torch.bfloat16)
[+   67.780] 	module.decoder.layers.9.self_attention.linear_qkv.layer_norm_weight (param.main_grad.dtype=torch.bfloat16)
[+   67.780] 	module.decoder.layers.8.mlp.router.weight (param.main_grad.dtype=torch.bfloat16)
[+   67.780] 	module.decoder.layers.8.pre_mlp_layernorm.weight (param.main_grad.dtype=torch.bfloat16)
[+   67.780] 	module.decoder.layers.8.self_attention.k_layernorm.weight (param.main_grad.dtype=torch.bfloat16)
[+   67.780] 	module.decoder.layers.8.self_attention.q_layernorm.weight (param.main_grad.dtype=torch.bfloat16)
[+   67.780] 	module.decoder.layers.8.self_attention.linear_qkv.layer_norm_weight (param.main_grad.dtype=torch.bfloat16)
[+   67.780] 	module.decoder.layers.7.mlp.router.weight (param.main_grad.dtype=torch.bfloat16)
[+   67.780] 	module.decoder.layers.7.pre_mlp_layernorm.weight (param.main_grad.dtype=torch.bfloat16)
[+   67.780] 	module.decoder.layers.7.self_attention.k_layernorm.weight (param.main_grad.dtype=torch.bfloat16)
[+   67.780] 	module.decoder.layers.7.self_attention.q_layernorm.weight (param.main_grad.dtype=torch.bfloat16)
[+   67.780] 	module.decoder.layers.7.self_attention.linear_qkv.layer_norm_weight (param.main_grad.dtype=torch.bfloat16)
[+   67.780] 	module.decoder.layers.6.mlp.router.weight (param.main_grad.dtype=torch.bfloat16)
[+   67.780] 	module.decoder.layers.6.pre_mlp_layernorm.weight (param.main_grad.dtype=torch.bfloat16)
[+   67.780] 	module.decoder.layers.6.self_attention.k_layernorm.weight (param.main_grad.dtype=torch.bfloat16)
[+   67.780] 	module.decoder.layers.6.self_attention.q_layernorm.weight (param.main_grad.dtype=torch.bfloat16)
[+   67.780] 	module.decoder.layers.6.self_attention.linear_qkv.layer_norm_weight (param.main_grad.dtype=torch.bfloat16)
[+   67.780] 	module.decoder.layers.5.mlp.router.weight (param.main_grad.dtype=torch.bfloat16)
[+   67.780] 	module.decoder.layers.5.pre_mlp_layernorm.weight (param.main_grad.dtype=torch.bfloat16)
[+   67.780] 	module.decoder.layers.5.self_attention.k_layernorm.weight (param.main_grad.dtype=torch.bfloat16)
[+   67.780] 	module.decoder.layers.5.self_attention.q_layernorm.weight (param.main_grad.dtype=torch.bfloat16)
[+   67.780] 	module.decoder.layers.5.self_attention.linear_qkv.layer_norm_weight (param.main_grad.dtype=torch.bfloat16)
[+   67.780] 	module.decoder.layers.4.mlp.router.weight (param.main_grad.dtype=torch.bfloat16)
[+   67.780] 	module.decoder.layers.4.pre_mlp_layernorm.weight (param.main_grad.dtype=torch.bfloat16)
[+   67.780] 	module.decoder.layers.4.self_attention.k_layernorm.weight (param.main_grad.dtype=torch.bfloat16)
[+   67.780] 	module.decoder.layers.4.self_attention.q_layernorm.weight (param.main_grad.dtype=torch.bfloat16)
[+   67.780] 	module.decoder.layers.4.self_attention.linear_qkv.layer_norm_weight (param.main_grad.dtype=torch.bfloat16)
[+   67.780] 	module.decoder.layers.3.mlp.router.weight (param.main_grad.dtype=torch.bfloat16)
[+   67.780] 	module.decoder.layers.3.pre_mlp_layernorm.weight (param.main_grad.dtype=torch.bfloat16)
[+   67.780] 	module.decoder.layers.3.self_attention.k_layernorm.weight (param.main_grad.dtype=torch.bfloat16)
[+   67.780] 	module.decoder.layers.3.self_attention.q_layernorm.weight (param.main_grad.dtype=torch.bfloat16)
[+   67.780] 	module.decoder.layers.3.self_attention.linear_qkv.layer_norm_weight (param.main_grad.dtype=torch.bfloat16)
[+   67.780] 	module.decoder.layers.2.mlp.router.weight (param.main_grad.dtype=torch.bfloat16)
[+   67.780] 	module.decoder.layers.2.pre_mlp_layernorm.weight (param.main_grad.dtype=torch.bfloat16)
[+   67.780] 	module.decoder.layers.2.self_attention.k_layernorm.weight (param.main_grad.dtype=torch.bfloat16)
[+   67.780] 	module.decoder.layers.2.self_attention.q_layernorm.weight (param.main_grad.dtype=torch.bfloat16)
[+   67.780] 	module.decoder.layers.2.self_attention.linear_qkv.layer_norm_weight (param.main_grad.dtype=torch.bfloat16)
[+   67.780] 	module.decoder.layers.1.mlp.router.weight (param.main_grad.dtype=torch.bfloat16)
[+   67.780] 	module.decoder.layers.1.pre_mlp_layernorm.weight (param.main_grad.dtype=torch.bfloat16)
[+   67.780] 	module.decoder.layers.1.self_attention.k_layernorm.weight (param.main_grad.dtype=torch.bfloat16)
[+   67.780] 	module.decoder.layers.1.self_attention.q_layernorm.weight (param.main_grad.dtype=torch.bfloat16)
[+   67.780] 	module.decoder.layers.1.self_attention.linear_qkv.layer_norm_weight (param.main_grad.dtype=torch.bfloat16)
[+   67.780] 	module.decoder.layers.0.mlp.router.weight (param.main_grad.dtype=torch.bfloat16)
[+   67.780] 	module.decoder.layers.0.pre_mlp_layernorm.weight (param.main_grad.dtype=torch.bfloat16)
[+   67.780] 	module.decoder.layers.0.self_attention.k_layernorm.weight (param.main_grad.dtype=torch.bfloat16)
[+   67.780] 	module.decoder.layers.0.self_attention.q_layernorm.weight (param.main_grad.dtype=torch.bfloat16)
[+   67.780] 	module.decoder.layers.0.self_attention.linear_qkv.layer_norm_weight (param.main_grad.dtype=torch.bfloat16)
[+   67.795] INFO:megatron.core.distributed.param_and_grad_buffer:Number of buckets for gradient all-reduce / reduce-scatter: 1
[+   67.795] Params for bucket 1 (1132462080 elements, 1132462080 padded size, 0 param(s) with extra main_grads):
[+   67.795] 	module.decoder.layers.9.mlp.experts.linear_fc2.weight5 (param.main_grad.dtype=torch.bfloat16)
[+   67.795] 	module.decoder.layers.9.mlp.experts.linear_fc2.weight4 (param.main_grad.dtype=torch.bfloat16)
[+   67.795] 	module.decoder.layers.9.mlp.experts.linear_fc2.weight3 (param.main_grad.dtype=torch.bfloat16)
[+   67.795] 	module.decoder.layers.9.mlp.experts.linear_fc2.weight2 (param.main_grad.dtype=torch.bfloat16)
[+   67.795] 	module.decoder.layers.9.mlp.experts.linear_fc2.weight1 (param.main_grad.dtype=torch.bfloat16)
[+   67.795] 	module.decoder.layers.9.mlp.experts.linear_fc2.weight0 (param.main_grad.dtype=torch.bfloat16)
[+   67.795] 	module.decoder.layers.9.mlp.experts.linear_fc1.weight5 (param.main_grad.dtype=torch.bfloat16)
[+   67.795] 	module.decoder.layers.9.mlp.experts.linear_fc1.weight4 (param.main_grad.dtype=torch.bfloat16)
[+   67.795] 	module.decoder.layers.9.mlp.experts.linear_fc1.weight3 (param.main_grad.dtype=torch.bfloat16)
[+   67.795] 	module.decoder.layers.9.mlp.experts.linear_fc1.weight2 (param.main_grad.dtype=torch.bfloat16)
[+   67.795] 	module.decoder.layers.9.mlp.experts.linear_fc1.weight1 (param.main_grad.dtype=torch.bfloat16)
[+   67.795] 	module.decoder.layers.9.mlp.experts.linear_fc1.weight0 (param.main_grad.dtype=torch.bfloat16)
[+   67.795] 	module.decoder.layers.8.mlp.experts.linear_fc2.weight5 (param.main_grad.dtype=torch.bfloat16)
[+   67.795] 	module.decoder.layers.8.mlp.experts.linear_fc2.weight4 (param.main_grad.dtype=torch.bfloat16)
[+   67.795] 	module.decoder.layers.8.mlp.experts.linear_fc2.weight3 (param.main_grad.dtype=torch.bfloat16)
[+   67.795] 	module.decoder.layers.8.mlp.experts.linear_fc2.weight2 (param.main_grad.dtype=torch.bfloat16)
[+   67.795] 	module.decoder.layers.8.mlp.experts.linear_fc2.weight1 (param.main_grad.dtype=torch.bfloat16)
[+   67.795] 	module.decoder.layers.8.mlp.experts.linear_fc2.weight0 (param.main_grad.dtype=torch.bfloat16)
[+   67.795] 	module.decoder.layers.8.mlp.experts.linear_fc1.weight5 (param.main_grad.dtype=torch.bfloat16)
[+   67.795] 	module.decoder.layers.8.mlp.experts.linear_fc1.weight4 (param.main_grad.dtype=torch.bfloat16)
[+   67.795] 	module.decoder.layers.8.mlp.experts.linear_fc1.weight3 (param.main_grad.dtype=torch.bfloat16)
[+   67.795] 	module.decoder.layers.8.mlp.experts.linear_fc1.weight2 (param.main_grad.dtype=torch.bfloat16)
[+   67.795] 	module.decoder.layers.8.mlp.experts.linear_fc1.weight1 (param.main_grad.dtype=torch.bfloat16)
[+   67.795] 	module.decoder.layers.8.mlp.experts.linear_fc1.weight0 (param.main_grad.dtype=torch.bfloat16)
[+   67.795] 	module.decoder.layers.7.mlp.experts.linear_fc2.weight5 (param.main_grad.dtype=torch.bfloat16)
[+   67.795] 	module.decoder.layers.7.mlp.experts.linear_fc2.weight4 (param.main_grad.dtype=torch.bfloat16)
[+   67.795] 	module.decoder.layers.7.mlp.experts.linear_fc2.weight3 (param.main_grad.dtype=torch.bfloat16)
[+   67.795] 	module.decoder.layers.7.mlp.experts.linear_fc2.weight2 (param.main_grad.dtype=torch.bfloat16)
[+   67.795] 	module.decoder.layers.7.mlp.experts.linear_fc2.weight1 (param.main_grad.dtype=torch.bfloat16)
[+   67.795] 	module.decoder.layers.7.mlp.experts.linear_fc2.weight0 (param.main_grad.dtype=torch.bfloat16)
[+   67.795] 	module.decoder.layers.7.mlp.experts.linear_fc1.weight5 (param.main_grad.dtype=torch.bfloat16)
[+   67.795] 	module.decoder.layers.7.mlp.experts.linear_fc1.weight4 (param.main_grad.dtype=torch.bfloat16)
[+   67.795] 	module.decoder.layers.7.mlp.experts.linear_fc1.weight3 (param.main_grad.dtype=torch.bfloat16)
[+   67.795] 	module.decoder.layers.7.mlp.experts.linear_fc1.weight2 (param.main_grad.dtype=torch.bfloat16)
[+   67.795] 	module.decoder.layers.7.mlp.experts.linear_fc1.weight1 (param.main_grad.dtype=torch.bfloat16)
[+   67.795] 	module.decoder.layers.7.mlp.experts.linear_fc1.weight0 (param.main_grad.dtype=torch.bfloat16)
[+   67.795] 	module.decoder.layers.6.mlp.experts.linear_fc2.weight5 (param.main_grad.dtype=torch.bfloat16)
[+   67.795] 	module.decoder.layers.6.mlp.experts.linear_fc2.weight4 (param.main_grad.dtype=torch.bfloat16)
[+   67.795] 	module.decoder.layers.6.mlp.experts.linear_fc2.weight3 (param.main_grad.dtype=torch.bfloat16)
[+   67.795] 	module.decoder.layers.6.mlp.experts.linear_fc2.weight2 (param.main_grad.dtype=torch.bfloat16)
[+   67.795] 	module.decoder.layers.6.mlp.experts.linear_fc2.weight1 (param.main_grad.dtype=torch.bfloat16)
[+   67.795] 	module.decoder.layers.6.mlp.experts.linear_fc2.weight0 (param.main_grad.dtype=torch.bfloat16)
[+   67.795] 	module.decoder.layers.6.mlp.experts.linear_fc1.weight5 (param.main_grad.dtype=torch.bfloat16)
[+   67.795] 	module.decoder.layers.6.mlp.experts.linear_fc1.weight4 (param.main_grad.dtype=torch.bfloat16)
[+   67.795] 	module.decoder.layers.6.mlp.experts.linear_fc1.weight3 (param.main_grad.dtype=torch.bfloat16)
[+   67.795] 	module.decoder.layers.6.mlp.experts.linear_fc1.weight2 (param.main_grad.dtype=torch.bfloat16)
[+   67.795] 	module.decoder.layers.6.mlp.experts.linear_fc1.weight1 (param.main_grad.dtype=torch.bfloat16)
[+   67.795] 	module.decoder.layers.6.mlp.experts.linear_fc1.weight0 (param.main_grad.dtype=torch.bfloat16)
[+   67.795] 	module.decoder.layers.5.mlp.experts.linear_fc2.weight5 (param.main_grad.dtype=torch.bfloat16)
[+   67.795] 	module.decoder.layers.5.mlp.experts.linear_fc2.weight4 (param.main_grad.dtype=torch.bfloat16)
[+   67.795] 	module.decoder.layers.5.mlp.experts.linear_fc2.weight3 (param.main_grad.dtype=torch.bfloat16)
[+   67.795] 	module.decoder.layers.5.mlp.experts.linear_fc2.weight2 (param.main_grad.dtype=torch.bfloat16)
[+   67.795] 	module.decoder.layers.5.mlp.experts.linear_fc2.weight1 (param.main_grad.dtype=torch.bfloat16)
[+   67.795] 	module.decoder.layers.5.mlp.experts.linear_fc2.weight0 (param.main_grad.dtype=torch.bfloat16)
[+   67.795] 	module.decoder.layers.5.mlp.experts.linear_fc1.weight5 (param.main_grad.dtype=torch.bfloat16)
[+   67.795] 	module.decoder.layers.5.mlp.experts.linear_fc1.weight4 (param.main_grad.dtype=torch.bfloat16)
[+   67.795] 	module.decoder.layers.5.mlp.experts.linear_fc1.weight3 (param.main_grad.dtype=torch.bfloat16)
[+   67.795] 	module.decoder.layers.5.mlp.experts.linear_fc1.weight2 (param.main_grad.dtype=torch.bfloat16)
[+   67.795] 	module.decoder.layers.5.mlp.experts.linear_fc1.weight1 (param.main_grad.dtype=torch.bfloat16)
[+   67.795] 	module.decoder.layers.5.mlp.experts.linear_fc1.weight0 (param.main_grad.dtype=torch.bfloat16)
[+   67.795] 	module.decoder.layers.4.mlp.experts.linear_fc2.weight5 (param.main_grad.dtype=torch.bfloat16)
[+   67.795] 	module.decoder.layers.4.mlp.experts.linear_fc2.weight4 (param.main_grad.dtype=torch.bfloat16)
[+   67.795] 	module.decoder.layers.4.mlp.experts.linear_fc2.weight3 (param.main_grad.dtype=torch.bfloat16)
[+   67.795] 	module.decoder.layers.4.mlp.experts.linear_fc2.weight2 (param.main_grad.dtype=torch.bfloat16)
[+   67.795] 	module.decoder.layers.4.mlp.experts.linear_fc2.weight1 (param.main_grad.dtype=torch.bfloat16)
[+   67.795] 	module.decoder.layers.4.mlp.experts.linear_fc2.weight0 (param.main_grad.dtype=torch.bfloat16)
[+   67.795] 	module.decoder.layers.4.mlp.experts.linear_fc1.weight5 (param.main_grad.dtype=torch.bfloat16)
[+   67.795] 	module.decoder.layers.4.mlp.experts.linear_fc1.weight4 (param.main_grad.dtype=torch.bfloat16)
[+   67.795] 	module.decoder.layers.4.mlp.experts.linear_fc1.weight3 (param.main_grad.dtype=torch.bfloat16)
[+   67.795] 	module.decoder.layers.4.mlp.experts.linear_fc1.weight2 (param.main_grad.dtype=torch.bfloat16)
[+   67.795] 	module.decoder.layers.4.mlp.experts.linear_fc1.weight1 (param.main_grad.dtype=torch.bfloat16)
[+   67.795] 	module.decoder.layers.4.mlp.experts.linear_fc1.weight0 (param.main_grad.dtype=torch.bfloat16)
[+   67.795] 	module.decoder.layers.3.mlp.experts.linear_fc2.weight5 (param.main_grad.dtype=torch.bfloat16)
[+   67.795] 	module.decoder.layers.3.mlp.experts.linear_fc2.weight4 (param.main_grad.dtype=torch.bfloat16)
[+   67.795] 	module.decoder.layers.3.mlp.experts.linear_fc2.weight3 (param.main_grad.dtype=torch.bfloat16)
[+   67.795] 	module.decoder.layers.3.mlp.experts.linear_fc2.weight2 (param.main_grad.dtype=torch.bfloat16)
[+   67.795] 	module.decoder.layers.3.mlp.experts.linear_fc2.weight1 (param.main_grad.dtype=torch.bfloat16)
[+   67.795] 	module.decoder.layers.3.mlp.experts.linear_fc2.weight0 (param.main_grad.dtype=torch.bfloat16)
[+   67.795] 	module.decoder.layers.3.mlp.experts.linear_fc1.weight5 (param.main_grad.dtype=torch.bfloat16)
[+   67.795] 	module.decoder.layers.3.mlp.experts.linear_fc1.weight4 (param.main_grad.dtype=torch.bfloat16)
[+   67.795] 	module.decoder.layers.3.mlp.experts.linear_fc1.weight3 (param.main_grad.dtype=torch.bfloat16)
[+   67.795] 	module.decoder.layers.3.mlp.experts.linear_fc1.weight2 (param.main_grad.dtype=torch.bfloat16)
[+   67.795] 	module.decoder.layers.3.mlp.experts.linear_fc1.weight1 (param.main_grad.dtype=torch.bfloat16)
[+   67.795] 	module.decoder.layers.3.mlp.experts.linear_fc1.weight0 (param.main_grad.dtype=torch.bfloat16)
[+   67.795] 	module.decoder.layers.2.mlp.experts.linear_fc2.weight5 (param.main_grad.dtype=torch.bfloat16)
[+   67.795] 	module.decoder.layers.2.mlp.experts.linear_fc2.weight4 (param.main_grad.dtype=torch.bfloat16)
[+   67.795] 	module.decoder.layers.2.mlp.experts.linear_fc2.weight3 (param.main_grad.dtype=torch.bfloat16)
[+   67.795] 	module.decoder.layers.2.mlp.experts.linear_fc2.weight2 (param.main_grad.dtype=torch.bfloat16)
[+   67.795] 	module.decoder.layers.2.mlp.experts.linear_fc2.weight1 (param.main_grad.dtype=torch.bfloat16)
[+   67.795] 	module.decoder.layers.2.mlp.experts.linear_fc2.weight0 (param.main_grad.dtype=torch.bfloat16)
[+   67.795] 	module.decoder.layers.2.mlp.experts.linear_fc1.weight5 (param.main_grad.dtype=torch.bfloat16)
[+   67.795] 	module.decoder.layers.2.mlp.experts.linear_fc1.weight4 (param.main_grad.dtype=torch.bfloat16)
[+   67.795] 	module.decoder.layers.2.mlp.experts.linear_fc1.weight3 (param.main_grad.dtype=torch.bfloat16)
[+   67.795] 	module.decoder.layers.2.mlp.experts.linear_fc1.weight2 (param.main_grad.dtype=torch.bfloat16)
[+   67.795] 	module.decoder.layers.2.mlp.experts.linear_fc1.weight1 (param.main_grad.dtype=torch.bfloat16)
[+   67.795] 	module.decoder.layers.2.mlp.experts.linear_fc1.weight0 (param.main_grad.dtype=torch.bfloat16)
[+   67.795] 	module.decoder.layers.1.mlp.experts.linear_fc2.weight5 (param.main_grad.dtype=torch.bfloat16)
[+   67.795] 	module.decoder.layers.1.mlp.experts.linear_fc2.weight4 (param.main_grad.dtype=torch.bfloat16)
[+   67.795] 	module.decoder.layers.1.mlp.experts.linear_fc2.weight3 (param.main_grad.dtype=torch.bfloat16)
[+   67.795] 	module.decoder.layers.1.mlp.experts.linear_fc2.weight2 (param.main_grad.dtype=torch.bfloat16)
[+   67.795] 	module.decoder.layers.1.mlp.experts.linear_fc2.weight1 (param.main_grad.dtype=torch.bfloat16)
[+   67.795] 	module.decoder.layers.1.mlp.experts.linear_fc2.weight0 (param.main_grad.dtype=torch.bfloat16)
[+   67.795] 	module.decoder.layers.1.mlp.experts.linear_fc1.weight5 (param.main_grad.dtype=torch.bfloat16)
[+   67.795] 	module.decoder.layers.1.mlp.experts.linear_fc1.weight4 (param.main_grad.dtype=torch.bfloat16)
[+   67.795] 	module.decoder.layers.1.mlp.experts.linear_fc1.weight3 (param.main_grad.dtype=torch.bfloat16)
[+   67.795] 	module.decoder.layers.1.mlp.experts.linear_fc1.weight2 (param.main_grad.dtype=torch.bfloat16)
[+   67.795] 	module.decoder.layers.1.mlp.experts.linear_fc1.weight1 (param.main_grad.dtype=torch.bfloat16)
[+   67.795] 	module.decoder.layers.1.mlp.experts.linear_fc1.weight0 (param.main_grad.dtype=torch.bfloat16)
[+   67.795] 	module.decoder.layers.0.mlp.experts.linear_fc2.weight5 (param.main_grad.dtype=torch.bfloat16)
[+   67.795] 	module.decoder.layers.0.mlp.experts.linear_fc2.weight4 (param.main_grad.dtype=torch.bfloat16)
[+   67.795] 	module.decoder.layers.0.mlp.experts.linear_fc2.weight3 (param.main_grad.dtype=torch.bfloat16)
[+   67.795] 	module.decoder.layers.0.mlp.experts.linear_fc2.weight2 (param.main_grad.dtype=torch.bfloat16)
[+   67.795] 	module.decoder.layers.0.mlp.experts.linear_fc2.weight1 (param.main_grad.dtype=torch.bfloat16)
[+   67.795] 	module.decoder.layers.0.mlp.experts.linear_fc2.weight0 (param.main_grad.dtype=torch.bfloat16)
[+   67.795] 	module.decoder.layers.0.mlp.experts.linear_fc1.weight5 (param.main_grad.dtype=torch.bfloat16)
[+   67.795] 	module.decoder.layers.0.mlp.experts.linear_fc1.weight4 (param.main_grad.dtype=torch.bfloat16)
[+   67.795] 	module.decoder.layers.0.mlp.experts.linear_fc1.weight3 (param.main_grad.dtype=torch.bfloat16)
[+   67.795] 	module.decoder.layers.0.mlp.experts.linear_fc1.weight2 (param.main_grad.dtype=torch.bfloat16)
[+   67.795] 	module.decoder.layers.0.mlp.experts.linear_fc1.weight1 (param.main_grad.dtype=torch.bfloat16)
[+   67.795] 	module.decoder.layers.0.mlp.experts.linear_fc1.weight0 (param.main_grad.dtype=torch.bfloat16)
[+   67.795] INFO:megatron.core.distributed.param_and_grad_buffer:Using reduce-scatter for gradient reductions because self.ddp_config.use_distributed_optimizer=True
[+   67.795] INFO:megatron.core.distributed.param_and_grad_buffer:Using reduce-scatter for gradient reductions because self.ddp_config.use_distributed_optimizer=True
[+   67.866] INFO:megatron.core.optimizer:Setting up optimizer with config OptimizerConfig(lr=0.0003, min_lr=3e-05, decoupled_lr=None, decoupled_min_lr=None, weight_decay=0.1, apply_wd_to_qk_layernorm=False, fp8_recipe='mxfp8', fp16=False, bf16=True, reuse_grad_buf_for_mxfp8_param_ag=True, params_dtype=torch.bfloat16, use_precision_aware_optimizer=False, store_param_remainders=True, main_grads_dtype=torch.float32, main_params_dtype=torch.float32, exp_avg_dtype=torch.float32, exp_avg_sq_dtype=torch.float32, optimizer='adam', loss_scale=None, initial_loss_scale=4294967296, min_loss_scale=1.0, loss_scale_window=1000, hysteresis=2, adam_beta1=0.9, adam_beta2=0.95, adam_eps=1e-08, decoupled_weight_decay=True, sgd_momentum=0.9, muon_momentum=0.95, muon_split_qkv=True, muon_nesterov=False, muon_scale_mode='spectral', muon_fp32_matmul_prec='medium', muon_coefficient_type='quintic', muon_num_ns_steps=5, muon_tp_mode='blockwise', muon_extra_scale_factor=1.0, muon_scalar_optimizer='adam', lion_beta1=0.95, lion_beta2=0.98, soap_shampoo_beta=0.95, soap_precondition_frequency=1, soap_use_kl_shampoo=True, adaptive_muon_moment2_method='adamuon', adaptive_muon_beta2=0.95, adaptive_muon_eps=1e-08, use_distributed_optimizer=True, use_layer_wise_distributed_optimizer=False, overlap_param_gather=True, overlap_param_gather_with_optimizer_step=False, optimizer_cpu_offload=False, optimizer_offload_fraction=0.0, use_torch_optimizer_for_cpu_offload=False, overlap_cpu_optimizer_d2h_h2d=False, pin_cpu_grads=True, pin_cpu_params=True, clip_grad=1.0, grad_norm_skip_threshold=inf, log_num_zeros_in_grad=False, barrier_with_L1_time=False, timers=<megatron.core.timers.Timers object at 0xfb095269a960>, config_logger_dir='', optimizer_cuda_graph=False)
[+   68.455] INFO:megatron.core.distributed.param_and_grad_buffer:Using reduce-scatter for gradient reductions because self.ddp_config.use_distributed_optimizer=True
[+   68.455] INFO:megatron.core.distributed.param_and_grad_buffer:Using reduce-scatter for gradient reductions because self.ddp_config.use_distributed_optimizer=True
[+   68.455] INFO:megatron.core.distributed.param_and_grad_buffer:Using reduce-scatter for gradient reductions because self.ddp_config.use_distributed_optimizer=True
[+   68.455] INFO:megatron.core.distributed.param_and_grad_buffer:Using reduce-scatter for gradient reductions because self.ddp_config.use_distributed_optimizer=True
[+   68.455] INFO:megatron.core.distributed.param_and_grad_buffer:Using reduce-scatter for gradient reductions because self.ddp_config.use_distributed_optimizer=True
[+   68.455] INFO:megatron.core.distributed.param_and_grad_buffer:Using reduce-scatter for gradient reductions because self.ddp_config.use_distributed_optimizer=True
[+   68.455] INFO:megatron.core.distributed.param_and_grad_buffer:Using reduce-scatter for gradient reductions because self.ddp_config.use_distributed_optimizer=True
[+   68.455] INFO:megatron.core.distributed.param_and_grad_buffer:Using reduce-scatter for gradient reductions because self.ddp_config.use_distributed_optimizer=True
[+   68.571] INFO:megatron.core.distributed.param_and_grad_buffer:Using reduce-scatter for gradient reductions because self.ddp_config.use_distributed_optimizer=True
[+   68.571] INFO:megatron.core.distributed.param_and_grad_buffer:Using reduce-scatter for gradient reductions because self.ddp_config.use_distributed_optimizer=True
[+   68.571] INFO:megatron.core.distributed.param_and_grad_buffer:Using reduce-scatter for gradient reductions because self.ddp_config.use_distributed_optimizer=True
[+   68.571] INFO:megatron.core.distributed.param_and_grad_buffer:Using reduce-scatter for gradient reductions because self.ddp_config.use_distributed_optimizer=True
[+   68.571] INFO:megatron.core.distributed.param_and_grad_buffer:Using reduce-scatter for gradient reductions because self.ddp_config.use_distributed_optimizer=True
[+   68.571] INFO:megatron.core.distributed.param_and_grad_buffer:Using reduce-scatter for gradient reductions because self.ddp_config.use_distributed_optimizer=True
[+   68.571] INFO:megatron.core.distributed.param_and_grad_buffer:Using reduce-scatter for gradient reductions because self.ddp_config.use_distributed_optimizer=True
[+   68.571] INFO:megatron.core.distributed.param_and_grad_buffer:Using reduce-scatter for gradient reductions because self.ddp_config.use_distributed_optimizer=True
[+   68.571] INFO:megatron.core.distributed.param_and_grad_buffer:Using reduce-scatter for gradient reductions because self.ddp_config.use_distributed_optimizer=True
[+   68.571] INFO:megatron.core.distributed.param_and_grad_buffer:Using reduce-scatter for gradient reductions because self.ddp_config.use_distributed_optimizer=True
[+   68.826] INFO:megatron.core.optimizer_param_scheduler:> learning rate decay style: cosine
[+   69.315] [after model, optimizer, and learning rate scheduler are built] datetime: 2026-07-26 03:49:16 
[+   69.329] > building train, validation, and test datasets ...
[+   69.329]  > datasets target sizes (minimum size):
[+   69.329]     train:      65536
[+   69.329]     validation: 0
[+   69.329]     test:       0
[+   69.329] > building train, validation, and test datasets for GPT ...
[+   69.329] INFO:megatron.core.datasets.blended_megatron_dataset_builder:Building MockGPTDataset splits with sizes=(65536, 0, 0) and config=GPTDatasetConfig(dataloader_type='single', num_workers=8, data_sharding=True, pin_memory=True, drop_last=True, persistent_workers=True, trust_remote_code=None, random_seed=1234, sequence_length=4096, blend=None, blend_per_split=None, multiple_validation_sets=None, full_validation=None, split='1,1,1', split_matrix=[(0, 0.3333333333333333), (0.3333333333333333, 0.6666666666666666), (0.6666666666666666, 1.0)], num_dataset_builder_threads=1, path_to_cache=None, mmap_bin_files=True, mock=True, tokenizer=<megatron.core.tokenizers.text.models.default_tokenizer.DefaultTokenizerText object at 0xfb088c403ad0>, mid_level_dataset_surplus=0.005, allow_ambiguous_pad_tokens=False, fast_cache_load=False, defer_npy_index_mmap=False, reset_position_ids=False, reset_attention_mask=False, eod_mask_loss=False, create_attention_mask=True, drop_last_partial_validation_sequence=True, add_extra_token_to_sequence=True, object_storage_cache_path=None, data_parallel_size=1, sequence_parallel_size=0, hybrid_context_parallel=False, sequences_per_dataset=None, token_dtype_code=4, context_parallel_size=None, data_path=None, per_dataset_sequences_path=None)
[+   69.329] INFO:megatron.core.datasets.gpt_dataset:Build and save the MockGPTDataset train indices
[+   69.336] INFO:megatron.core.datasets.gpt_dataset:> total number of samples: 66592
[+   69.336] INFO:megatron.core.datasets.gpt_dataset:> total number of epochs: 4
[+   69.426] INFO:megatron.core.datasets.gpt_dataset:Build and save the MockGPTDataset valid indices
[+   69.428] INFO:megatron.core.datasets.gpt_dataset:> total number of samples: 16640
[+   69.428] INFO:megatron.core.datasets.gpt_dataset:> total number of epochs: 1
[+   69.455] INFO:megatron.core.datasets.gpt_dataset:Build and save the MockGPTDataset test indices
[+   69.456] INFO:megatron.core.datasets.gpt_dataset:> total number of samples: 16671
[+   69.456] INFO:megatron.core.datasets.gpt_dataset:> total number of epochs: 1
[+   69.457] > finished creating GPT datasets ...
[+   69.459] NCCL version 2.30.4+cuda13.2
[+   70.156] [after dataloaders are built] datetime: 2026-07-26 03:49:16 
[+   70.156] done with setup ...
[+   70.186] Setting rerun_state_machine.current_iteration to 0...
[+   70.803] Starting training loop at iteration 0
[+   92.561] /opt/venv/lib/python3.12/site-packages/transformer_engine/pytorch/quantized_tensor.py:126: UserWarning: Quantizer is being updated, this may affect model behavior
[+   92.561]   warnings.warn("Quantizer is being updated, this may affect model behavior")
[+   92.573] WARNING:GroupedGemmGluSm100:GroupedGemmGluSm100 is an experimental API
[+   92.591] /opt/venv/lib/python3.12/site-packages/transformer_engine/pytorch/quantized_tensor.py:126: UserWarning: Quantizer is being updated, this may affect model behavior
[+   92.591]   warnings.warn("Quantizer is being updated, this may affect model behavior")
[+   92.603] WARNING:GroupedGemmGluSm100:GroupedGemmGluSm100 is an experimental API
[+   92.625] /opt/venv/lib/python3.12/site-packages/transformer_engine/pytorch/quantized_tensor.py:126: UserWarning: Quantizer is being updated, this may affect model behavior
[+   92.625]   warnings.warn("Quantizer is being updated, this may affect model behavior")
[+   92.637] WARNING:GroupedGemmGluSm100:GroupedGemmGluSm100 is an experimental API
[+   92.656] /opt/venv/lib/python3.12/site-packages/transformer_engine/pytorch/quantized_tensor.py:126: UserWarning: Quantizer is being updated, this may affect model behavior
[+   92.657]   warnings.warn("Quantizer is being updated, this may affect model behavior")
[+   92.668] WARNING:GroupedGemmGluSm100:GroupedGemmGluSm100 is an experimental API
[+   95.305] WARNING:GroupedGemmQuantSm100:GroupedGemmQuantSm100 is an experimental API
[+   95.387] WARNING:GroupedGemmQuantSm100:GroupedGemmQuantSm100 is an experimental API
[+   95.412] WARNING:GroupedGemmQuantSm100:GroupedGemmQuantSm100 is an experimental API
[+   95.414] WARNING:GroupedGemmQuantSm100:GroupedGemmQuantSm100 is an experimental API
[+  103.898] [rank3]:[W726 03:49:50.810964644 ProcessGroupNCCL.cpp:4134] Warning: An unbatched P2P op (send/recv) was called on this ProcessGroup with size 4.  In lazy initialization mode, this will result in a new 2-rank NCCL communicator to be created. (function operator())
[+  103.899] [rank2]:[W726 03:49:50.812206183 ProcessGroupNCCL.cpp:4134] Warning: An unbatched P2P op (send/recv) was called on this ProcessGroup with size 4.  In lazy initialization mode, this will result in a new 2-rank NCCL communicator to be created. (function operator())
[+  103.902] [rank1]:[W726 03:49:50.815201676 ProcessGroupNCCL.cpp:4134] Warning: An unbatched P2P op (send/recv) was called on this ProcessGroup with size 4.  In lazy initialization mode, this will result in a new 2-rank NCCL communicator to be created. (function operator())
[+  103.902] [rank0]:[W726 03:49:50.815201740 ProcessGroupNCCL.cpp:4134] Warning: An unbatched P2P op (send/recv) was called on this ProcessGroup with size 4.  In lazy initialization mode, this will result in a new 2-rank NCCL communicator to be created. (function operator())
[+  143.992] NCCL version 2.30.4+cuda13.2
[+  143.992] [rank3]:[W726 03:50:30.904649528 ProcessGroupNCCL.cpp:4134] Warning: An unbatched P2P op (send/recv) was called on this ProcessGroup with size 4.  In lazy initialization mode, this will result in a new 2-rank NCCL communicator to be created. (function operator())
[+  144.000] [rank0]:[W726 03:50:30.913213512 ProcessGroupNCCL.cpp:4134] Warning: An unbatched P2P op (send/recv) was called on this ProcessGroup with size 4.  In lazy initialization mode, this will result in a new 2-rank NCCL communicator to be created. (function operator())
[+  144.001] NCCL version 2.30.4+cuda13.2
[+  144.001] [rank2]:[W726 03:50:30.914170698 ProcessGroupNCCL.cpp:4134] Warning: An unbatched P2P op (send/recv) was called on this ProcessGroup with size 4.  In lazy initialization mode, this will result in a new 2-rank NCCL communicator to be created. (function operator())
[+  144.002] NCCL version 2.30.4+cuda13.2
[+  144.002] [rank1]:[W726 03:50:30.914338091 ProcessGroupNCCL.cpp:4134] Warning: An unbatched P2P op (send/recv) was called on this ProcessGroup with size 4.  In lazy initialization mode, this will result in a new 2-rank NCCL communicator to be created. (function operator())
[+  289.264] WARNING:GroupedGemmDgluSm100:GroupedGemmDgluSm100 is an experimental API
[+  289.266] WARNING:GroupedGemmDgluSm100:GroupedGemmDgluSm100 is an experimental API
[+  289.267] WARNING:GroupedGemmDgluSm100:GroupedGemmDgluSm100 is an experimental API
[+  289.269] WARNING:GroupedGemmDgluSm100:GroupedGemmDgluSm100 is an experimental API
[+  292.219] WARNING:GroupedGemmQuantSm100:discrete_col_sfd is True but generate_sfd is False, discrete_col_sfd will be ignored
[+  292.234] WARNING:GroupedGemmQuantSm100:discrete_col_sfd is True but generate_sfd is False, discrete_col_sfd will be ignored
[+  292.235] WARNING:GroupedGemmQuantSm100:discrete_col_sfd is True but generate_sfd is False, discrete_col_sfd will be ignored
[+  292.259] WARNING:GroupedGemmQuantSm100:discrete_col_sfd is True but generate_sfd is False, discrete_col_sfd will be ignored
[+  293.841] WARNING:GroupedGemmWgradSm100:GroupedGemmWgradSm100 is an experimental API
[+  293.860] WARNING:GroupedGemmWgradSm100:GroupedGemmWgradSm100 is an experimental API
[+  293.886] WARNING:GroupedGemmWgradSm100:GroupedGemmWgradSm100 is an experimental API
[+  293.925] WARNING:GroupedGemmWgradSm100:GroupedGemmWgradSm100 is an experimental API
[+  305.366] /opt/Megatron-Bridge/3rdparty/Megatron-LM/megatron/core/pipeline_parallel/utils.py:188: UserWarning: The AccumulateGrad node's stream does not match the stream of the node that produced the incoming gradient. This may incur unnecessary synchronization and break CUDA graph capture if the AccumulateGrad node's stream is the default stream. This mismatch is caused by an AccumulateGrad node created prior to the current iteration being kept alive. This can happen if the autograd graph is still being kept alive by tensors such as the loss, or if you are using DDP, which will stash a reference to the node. To resolve the mismatch, delete all references to the autograd graph or ensure that DDP initialization is performed under the same stream as subsequent forwards. If the mismatch is intentional, you can use torch.autograd.graph.set_warn_on_accumulate_grad_stream_mismatch(False) to suppress this warning. (Triggered internally at /opt/pytorch/pytorch/torch/csrc/autograd/input_buffer.cpp:240.)
[+  305.366]   Variable._execution_engine.run_backward(
[+  305.366] /opt/Megatron-Bridge/3rdparty/Megatron-LM/megatron/core/pipeline_parallel/utils.py:188: UserWarning: The AccumulateGrad node's stream does not match the stream of the node that produced the incoming gradient. This may incur unnecessary synchronization and break CUDA graph capture if the AccumulateGrad node's stream is the default stream. This mismatch is caused by an AccumulateGrad node created prior to the current iteration being kept alive. This can happen if the autograd graph is still being kept alive by tensors such as the loss, or if you are using DDP, which will stash a reference to the node. To resolve the mismatch, delete all references to the autograd graph or ensure that DDP initialization is performed under the same stream as subsequent forwards. If the mismatch is intentional, you can use torch.autograd.graph.set_warn_on_accumulate_grad_stream_mismatch(False) to suppress this warning. (Triggered internally at /opt/pytorch/pytorch/torch/csrc/autograd/input_buffer.cpp:240.)
[+  305.366]   Variable._execution_engine.run_backward(
[+  305.368] /opt/Megatron-Bridge/3rdparty/Megatron-LM/megatron/core/pipeline_parallel/utils.py:188: UserWarning: The AccumulateGrad node's stream does not match the stream of the node that produced the incoming gradient. This may incur unnecessary synchronization and break CUDA graph capture if the AccumulateGrad node's stream is the default stream. This mismatch is caused by an AccumulateGrad node created prior to the current iteration being kept alive. This can happen if the autograd graph is still being kept alive by tensors such as the loss, or if you are using DDP, which will stash a reference to the node. To resolve the mismatch, delete all references to the autograd graph or ensure that DDP initialization is performed under the same stream as subsequent forwards. If the mismatch is intentional, you can use torch.autograd.graph.set_warn_on_accumulate_grad_stream_mismatch(False) to suppress this warning. (Triggered internally at /opt/pytorch/pytorch/torch/csrc/autograd/input_buffer.cpp:240.)
[+  305.368]   Variable._execution_engine.run_backward(
[+  305.368] /opt/Megatron-Bridge/3rdparty/Megatron-LM/megatron/core/pipeline_parallel/utils.py:188: UserWarning: The AccumulateGrad node's stream does not match the stream of the node that produced the incoming gradient. This may incur unnecessary synchronization and break CUDA graph capture if the AccumulateGrad node's stream is the default stream. This mismatch is caused by an AccumulateGrad node created prior to the current iteration being kept alive. This can happen if the autograd graph is still being kept alive by tensors such as the loss, or if you are using DDP, which will stash a reference to the node. To resolve the mismatch, delete all references to the autograd graph or ensure that DDP initialization is performed under the same stream as subsequent forwards. If the mismatch is intentional, you can use torch.autograd.graph.set_warn_on_accumulate_grad_stream_mismatch(False) to suppress this warning. (Triggered internally at /opt/pytorch/pytorch/torch/csrc/autograd/input_buffer.cpp:240.)
[+  305.368]   Variable._execution_engine.run_backward(
[+  350.421] /usr/local/lib/python3.12/dist-packages/torch/distributed/c10d_logger.py:83: UserWarning: barrier(): using the device under current context. You can specify `device_id` in `init_process_group` to mute this warning.
[+  350.421]   return func(*args, **kwargs)
[+  350.422] Step Time : 280.23s GPU utilization: 64.0MODEL_TFLOP/s/GPU
[+  350.422] Number of dense and embedding parameters in billions: 8.69
[+  350.422] Number of routed expert parameters in billions: 286.29
[+  350.422] Total number of parameters in billions: 294.97
[+  350.422] Number of dense and embedding parameters in most loaded shard in billions: 2.4189
[+  350.422] Number of routed expert parameters in most loaded shard in billions: 2.2366
[+  350.422] Theoretical memory footprints: weight and optimizer=39869.41 MB
[+  350.422] [Rank 0] (after 1 iterations) memory (GB) | mem-allocated-gigabytes: 40.491 | mem-active-gigabytes: 40.491 | mem-inactive-gigabytes: 0.0 | mem-reserved-gigabytes: 233.68 | mem-max-allocated-gigabytes: 223.38 | mem-max-active-gigabytes: 223.58 | mem-max-inactive-gigabytes: 0.0 | mem-max-reserved-gigabytes: 233.68 | mem-alloc-retires: 0 | mem-allocated-count: 2525
[+  352.880] INFO:megatron.core.transformer.moe.paged_stash:allocate_stash_buffers cuda: torch.Size([8921088, 4096]) host: torch.Size([7434240, 4096]) dtype=torch.uint8 (torch.uint8)
[+  361.725] INFO:megatron.core.transformer.moe.paged_stash:allocate_stash_buffers cuda: torch.Size([8650752, 3072]) host: torch.Size([7208960, 3072]) dtype=torch.bfloat16 (torch.bfloat16)
[+  361.728] INFO:megatron.core.transformer.moe.paged_stash:allocate_stash_buffers cuda: torch.Size([8650752, 1]) host: torch.Size([7208960, 1]) dtype=torch.float32 (torch.float32)
[+  387.876] Step Time : 37.45s GPU utilization: 478.8MODEL_TFLOP/s/GPU
[+  387.877] Number of dense and embedding parameters in billions: 8.69
[+  387.877] Number of routed expert parameters in billions: 286.29
[+  387.877] Total number of parameters in billions: 294.97
[+  387.877] Number of dense and embedding parameters in most loaded shard in billions: 2.4189
[+  387.877] Number of routed expert parameters in most loaded shard in billions: 2.2366
[+  387.877] Theoretical memory footprints: weight and optimizer=39869.41 MB
[+  387.877] [Rank 0] (after 2 iterations) memory (GB) | mem-allocated-gigabytes: 130.23 | mem-active-gigabytes: 130.23 | mem-inactive-gigabytes: 0.0 | mem-reserved-gigabytes: 272.13 | mem-max-allocated-gigabytes: 247.46 | mem-max-active-gigabytes: 261.52 | mem-max-inactive-gigabytes: 0.0 | mem-max-reserved-gigabytes: 272.13 | mem-alloc-retires: 1 | mem-allocated-count: 2554
[+  406.249] Step Time : 18.37s GPU utilization: 976.1MODEL_TFLOP/s/GPU
[+  406.519] INFO:megatron.core.full_cuda_graph:Capture CUDA graph for training!!!
[+  406.520] INFO:megatron.core.full_cuda_graph:Capture CUDA graph for training!!!
[+  406.521] INFO:megatron.core.full_cuda_graph:Capture CUDA graph for training!!!
[+  406.523] INFO:megatron.core.full_cuda_graph:Capture CUDA graph for training!!!
[+  433.094] INFO:megatron.core.full_cuda_graph:CUDA graph capture done for training!!!
[+  433.094] INFO:megatron.core.full_cuda_graph:CUDA graph capture done for training!!!
[+  433.094] INFO:megatron.core.full_cuda_graph:CUDA graph capture done for training!!!
[+  433.094] INFO:megatron.core.full_cuda_graph:CUDA graph capture done for training!!!
[+  447.172] Step Time : 40.92s GPU utilization: 438.2MODEL_TFLOP/s/GPU
[+  461.337] Step Time : 14.16s GPU utilization: 1266.1MODEL_TFLOP/s/GPU
[+  475.488] Step Time : 14.15s GPU utilization: 1267.3MODEL_TFLOP/s/GPU
[+  489.606] Step Time : 14.12s GPU utilization: 1270.3MODEL_TFLOP/s/GPU
[+  503.733] Step Time : 14.13s GPU utilization: 1269.4MODEL_TFLOP/s/GPU
[+  503.733] Deleting CUDA graphs
[+  504.894] [after training is done] datetime: 2026-07-26 03:56:31 
